Region,Date,Temperature,Humidity,Rainfall
Mumbai,2023-01-01,28,85,12.5
Delhi,2023-01-01,32,60,5.0
Chennai,2023-01-01,35,90,20.0
Kolkata,2023-01-01,30,70,8.5
Bengaluru,2023-01-01,25,75,15.0
Mumbai,2023-01-02,29,82,10.0
Delhi,2023-01-02,33,65,4.5
Mumbai,2023-01-03,22,46,0
Delhi,2023-01-03,39,60,0
Chennai,2023-01-03,30,73,0.7
Kolkata,2023-01-03,28,62,3.0
Bengaluru,2023-01-03,21,69,5.3
Hyderabad,2023-01-03,32,20,5.5
Ahmedabad,2023-01-03,16,76,2.7
Pune,2023-01-03,34,23,0.9
Jaipur,2023-01-03,24,37,1.3
Lucknow,2023-01-03,39,57,2.5
Nagpur,2023-01-03,30,60,0
Indore,2023-01-03,28,54,2.3
Bhopal,2023-01-03,20,73,0.9
Surat,2023-01-03,32,67,0
Vadodara,2023-01-03,14,56,2.7
Coimbatore,2023-01-03,27,36,1.4
Kochi,2023-01-03,22,47,18.0
Thiruvananthapuram,2023-01-03,28,54,16.1
Visakhapatnam,2023-01-03,28,71,0
Vijayawada,2023-01-03,36,50,3.6
Guwahati,2023-01-03,15,54,13.6
Patna,2023-01-03,19,28,0
Ranchi,2023-01-03,12,23,6.4
Bhubaneswar,2023-01-03,17,71,8.6
Raipur,2023-01-03,22,24,4.2
Chandigarh,2023-01-03,6,59,2.6
Dehradun,2023-01-03,7,56,2.1
Shimla,2023-01-03,12,42,7.7
Srinagar,2023-01-03,14,57,3.9
Jammu,2023-01-03,20,70,0
Goa,2023-01-03,24,61,3.9
Mangalore,2023-01-03,18,54,1.6
Mysore,2023-01-03,28,30,0
Pondicherry,2023-01-03,28,62,4.1
Madurai,2023-01-03,31,74,11.5
Mumbai,2023-01-04,22,79,0
Delhi,2023-01-04,40,41,1.1
Chennai,2023-01-04,21,43,5.7
Kolkata,2023-01-04,19,64,22.0
Bengaluru,2023-01-04,24,28,12.8
Hyderabad,2023-01-04,21,26,1.7
Ahmedabad,2023-01-04,35,25,2.7
Pune,2023-01-04,21,32,1.7
Jaipur,2023-01-04,12,20,0
Lucknow,2023-01-04,36,32,0.9
Nagpur,2023-01-04,36,40,0
Indore,2023-01-04,29,43,0
Bhopal,2023-01-04,35,44,0.2
Surat,2023-01-04,21,28,1.2
Vadodara,2023-01-04,21,30,1.7
Coimbatore,2023-01-04,15,52,9.7
Kochi,2023-01-04,22,65,2.3
Thiruvananthapuram,2023-01-04,23,59,6.4
Visakhapatnam,2023-01-04,33,52,9.4
Vijayawada,2023-01-04,35,35,5.0
Guwahati,2023-01-04,13,51,1.0
Patna,2023-01-04,29,42,2.7
Ranchi,2023-01-04,31,32,0.3
Bhubaneswar,2023-01-04,32,68,1.0
Raipur,2023-01-04,34,34,1.7
Chandigarh,2023-01-04,8,62,2.8
Dehradun,2023-01-04,2,36,2.4
Shimla,2023-01-04,0,29,6.8
Srinagar,2023-01-04,0,49,10.5
Jammu,2023-01-04,33,52,2.1
Goa,2023-01-04,17,65,0.6
Mangalore,2023-01-04,27,54,15.6
Mysore,2023-01-04,29,49,1.8
Pondicherry,2023-01-04,27,70,2.4
Madurai,2023-01-04,31,50,7.6
Mumbai,2023-01-05,27,58,3.8
Delhi,2023-01-05,33,28,1.9
Chennai,2023-01-05,32,66,6.5
Kolkata,2023-01-05,22,61,5.1
Bengaluru,2023-01-05,24,46,9.9
Hyderabad,2023-01-05,19,56,2.8
Ahmedabad,2023-01-05,38,31,2.1
Pune,2023-01-05,18,32,1.3
Jaipur,2023-01-05,19,23,2.3
Lucknow,2023-01-05,19,22,1.6
Nagpur,2023-01-05,15,63,0
Indore,2023-01-05,33,24,3.3
Bhopal,2023-01-05,29,23,0.0
Surat,2023-01-05,34,34,0
Vadodara,2023-01-05,27,56,2.9
Coimbatore,2023-01-05,18,50,8.4
Kochi,2023-01-05,17,55,9.0
Thiruvananthapuram,2023-01-05,28,49,16.9
Visakhapatnam,2023-01-05,24,49,2.4
Vijayawada,2023-01-05,26,55,7.5
Guwahati,2023-01-05,15,62,12.8
Patna,2023-01-05,25,67,5.3
Ranchi,2023-01-05,23,54,5.3
Bhubaneswar,2023-01-05,17,60,9.3
Raipur,2023-01-05,36,35,3.8
Chandigarh,2023-01-05,26,20,3.9
Dehradun,2023-01-05,16,62,0.2
Shimla,2023-01-05,0,46,0
Srinagar,2023-01-05,13,78,0.9
Jammu,2023-01-05,10,70,2.3
Goa,2023-01-05,22,73,0
Mangalore,2023-01-05,21,75,11.5
Mysore,2023-01-05,24,49,7.3
Pondicherry,2023-01-05,21,54,10.2
Madurai,2023-01-05,33,64,14.7
Mumbai,2023-01-06,30,43,12.0
Delhi,2023-01-06,24,32,2.7
Chennai,2023-01-06,27,48,10.3
Kolkata,2023-01-06,19,44,14.2
Bengaluru,2023-01-06,26,62,0.5
Hyderabad,2023-01-06,38,20,6.4
Ahmedabad,2023-01-06,13,24,0
Pune,2023-01-06,30,59,2.5
Jaipur,2023-01-06,16,20,3.9
Lucknow,2023-01-06,24,34,2.7
Nagpur,2023-01-06,33,52,3.2
Indore,2023-01-06,17,57,3.5
Bhopal,2023-01-06,25,33,2.9
Surat,2023-01-06,32,45,1.7
Vadodara,2023-01-06,30,26,0
Coimbatore,2023-01-06,16,64,8.1
Kochi,2023-01-06,28,54,10.6
Thiruvananthapuram,2023-01-06,28,52,13.3
Visakhapatnam,2023-01-06,25,66,3.1
Vijayawada,2023-01-06,34,75,2.3
Guwahati,2023-01-06,19,70,6.7
Patna,2023-01-06,19,59,0.8
Ranchi,2023-01-06,10,52,5.3
Bhubaneswar,2023-01-06,28,38,0.0
Raipur,2023-01-06,26,55,2.7
Chandigarh,2023-01-06,13,25,0
Dehradun,2023-01-06,0,67,2.0
Shimla,2023-01-06,0,47,2.3
Srinagar,2023-01-06,0,36,7.5
Jammu,2023-01-06,27,25,4.9
Goa,2023-01-06,21,55,7.3
Mangalore,2023-01-06,16,66,2.4
Mysore,2023-01-06,15,51,3.8
Pondicherry,2023-01-06,22,61,1.2
Madurai,2023-01-06,19,65,4.5
Mumbai,2023-01-07,26,49,0.7
Delhi,2023-01-07,26,61,3.2
Chennai,2023-01-07,25,73,14.3
Kolkata,2023-01-07,26,44,4.2
Bengaluru,2023-01-07,22,41,0
Hyderabad,2023-01-07,25,41,6.1
Ahmedabad,2023-01-07,16,68,0
Pune,2023-01-07,24,62,5.2
Jaipur,2023-01-07,37,20,3.9
Lucknow,2023-01-07,21,70,0.8
Nagpur,2023-01-07,25,45,2.0
Indore,2023-01-07,18,62,4.3
Bhopal,2023-01-07,28,23,1.4
Surat,2023-01-07,19,39,0
Vadodara,2023-01-07,22,57,2.2
Coimbatore,2023-01-07,28,29,10.9
Kochi,2023-01-07,26,50,15.4
Thiruvananthapuram,2023-01-07,25,58,7.5
Visakhapatnam,2023-01-07,27,67,2.8
Vijayawada,2023-01-07,32,75,5.5
Guwahati,2023-01-07,23,58,13.7
Patna,2023-01-07,12,51,4.4
Ranchi,2023-01-07,26,75,1.8
Bhubaneswar,2023-01-07,18,42,2.0
Raipur,2023-01-07,17,71,0
Chandigarh,2023-01-07,16,56,2.4
Dehradun,2023-01-07,0,55,3.0
Shimla,2023-01-07,0,34,1.0
Srinagar,2023-01-07,0,42,10.1
Jammu,2023-01-07,14,32,1.0
Goa,2023-01-07,17,54,5.3
Mangalore,2023-01-07,27,70,9.3
Mysore,2023-01-07,22,51,10.5
Pondicherry,2023-01-07,23,62,11.6
Madurai,2023-01-07,33,49,0
Mumbai,2023-01-08,24,70,13.8
Delhi,2023-01-08,18,54,1.0
Chennai,2023-01-08,31,49,8.9
Kolkata,2023-01-08,18,45,22.9
Bengaluru,2023-01-08,18,29,12.2
Hyderabad,2023-01-08,24,43,1.1
Ahmedabad,2023-01-08,31,49,3.6
Pune,2023-01-08,33,55,4.1
Jaipur,2023-01-08,33,20,2.2
Lucknow,2023-01-08,32,20,1.9
Nagpur,2023-01-08,32,77,3.0
Indore,2023-01-08,11,51,3.1
Bhopal,2023-01-08,9,45,0.5
Surat,2023-01-08,16,67,0
Vadodara,2023-01-08,28,61,0.9
Coimbatore,2023-01-08,15,53,7.8
Kochi,2023-01-08,29,49,13.1
Thiruvananthapuram,2023-01-08,24,63,1.3
Visakhapatnam,2023-01-08,28,50,4.0
Vijayawada,2023-01-08,27,74,3.2
Guwahati,2023-01-08,13,69,4.2
Patna,2023-01-08,23,60,0
Ranchi,2023-01-08,33,40,0
Bhubaneswar,2023-01-08,30,60,2.9
Raipur,2023-01-08,30,69,0
Chandigarh,2023-01-08,19,38,1.5
Dehradun,2023-01-08,9,43,2.5
Shimla,2023-01-08,0,60,6.5
Srinagar,2023-01-08,13,53,2.1
Jammu,2023-01-08,32,31,5.4
Goa,2023-01-08,22,55,1.3
Mangalore,2023-01-08,25,45,8.2
Mysore,2023-01-08,25,40,8.7
Pondicherry,2023-01-08,27,49,4.8
Madurai,2023-01-08,24,59,13.7
Mumbai,2023-01-09,27,73,2.4
Delhi,2023-01-09,33,70,3.1
Chennai,2023-01-09,30,55,1.8
Kolkata,2023-01-09,17,55,13.3
Bengaluru,2023-01-09,20,38,3.6
Hyderabad,2023-01-09,20,28,4.0
Ahmedabad,2023-01-09,29,63,1.6
Pune,2023-01-09,14,40,5.7
Jaipur,2023-01-09,31,20,2.2
Lucknow,2023-01-09,12,59,2.4
Nagpur,2023-01-09,22,55,0
Indore,2023-01-09,33,53,0
Bhopal,2023-01-09,16,21,0
Surat,2023-01-09,18,37,0
Vadodara,2023-01-09,23,32,2.7
Coimbatore,2023-01-09,20,41,11.1
Kochi,2023-01-09,21,73,9.1
Thiruvananthapuram,2023-01-09,20,54,10.3
Visakhapatnam,2023-01-09,22,66,7.9
Vijayawada,2023-01-09,34,55,1.2
Guwahati,2023-01-09,12,49,7.9
Patna,2023-01-09,10,44,0
Ranchi,2023-01-09,31,49,1.8
Bhubaneswar,2023-01-09,24,66,1.9
Raipur,2023-01-09,29,60,1.0
Chandigarh,2023-01-09,27,26,1.9
Dehradun,2023-01-09,2,37,1.7
Shimla,2023-01-09,11,45,3.4
Srinagar,2023-01-09,5,46,8.4
Jammu,2023-01-09,18,69,1.2
Goa,2023-01-09,21,60,8.2
Mangalore,2023-01-09,26,47,10.1
Mysore,2023-01-09,13,51,9.2
Pondicherry,2023-01-09,26,71,3.4
Madurai,2023-01-09,25,40,17.1
Mumbai,2023-01-10,30,75,11.2
Delhi,2023-01-10,27,31,3.3
Chennai,2023-01-10,27,48,12.2
Kolkata,2023-01-10,30,44,16.2
Bengaluru,2023-01-10,16,31,10.8
Hyderabad,2023-01-10,31,58,5.0
Ahmedabad,2023-01-10,32,26,2.4
Pune,2023-01-10,31,67,4.4
Jaipur,2023-01-10,36,23,0.6
Lucknow,2023-01-10,25,68,0
Nagpur,2023-01-10,39,43,0.9
Indore,2023-01-10,23,44,1.6
Bhopal,2023-01-10,34,69,2.8
Surat,2023-01-10,25,65,0
Vadodara,2023-01-10,16,69,3.9
Coimbatore,2023-01-10,19,56,13.8
Kochi,2023-01-10,22,61,13.0
Thiruvananthapuram,2023-01-10,20,61,6.9
Visakhapatnam,2023-01-10,27,74,0
Vijayawada,2023-01-10,34,27,2.4
Guwahati,2023-01-10,17,71,13.5
Patna,2023-01-10,21,61,0.5
Ranchi,2023-01-10,31,53,0.7
Bhubaneswar,2023-01-10,34,65,3.7
Raipur,2023-01-10,15,42,0
Chandigarh,2023-01-10,15,35,0.1
Dehradun,2023-01-10,4,70,0
Shimla,2023-01-10,4,28,0.3
Srinagar,2023-01-10,0,51,2.6
Jammu,2023-01-10,15,26,0.2
Goa,2023-01-10,24,59,13.5
Mangalore,2023-01-10,25,56,12.9
Mysore,2023-01-10,22,29,10.5
Pondicherry,2023-01-10,21,50,7.1
Madurai,2023-01-10,31,44,0
Mumbai,2023-01-11,23,53,12.7
Delhi,2023-01-11,21,46,0
Chennai,2023-01-11,35,62,2.9
Kolkata,2023-01-11,24,71,9.2
Bengaluru,2023-01-11,21,30,3.2
Hyderabad,2023-01-11,40,35,3.4
Ahmedabad,2023-01-11,20,73,0.9
Pune,2023-01-11,25,32,4.0
Jaipur,2023-01-11,17,20,0
Lucknow,2023-01-11,36,50,3.8
Nagpur,2023-01-11,21,29,0
Indore,2023-01-11,13,20,0.2
Bhopal,2023-01-11,25,22,0.8
Surat,2023-01-11,22,46,0
Vadodara,2023-01-11,24,65,3.3
Coimbatore,2023-01-11,25,59,8.4
Kochi,2023-01-11,20,49,17.2
Thiruvananthapuram,2023-01-11,18,71,12.3
Visakhapatnam,2023-01-11,28,68,0.2
Vijayawada,2023-01-11,35,64,2.8
Guwahati,2023-01-11,29,62,2.3
Patna,2023-01-11,18,29,3.8
Ranchi,2023-01-11,18,34,4.6
Bhubaneswar,2023-01-11,15,60,8.8
Raipur,2023-01-11,24,20,0.2
Chandigarh,2023-01-11,18,64,0.8
Dehradun,2023-01-11,7,62,3.8
Shimla,2023-01-11,19,33,5.3
Srinagar,2023-01-11,0,63,9.1
Jammu,2023-01-11,24,60,4.3
Goa,2023-01-11,16,70,9.5
Mangalore,2023-01-11,12,51,12.4
Mysore,2023-01-11,24,45,10.0
Pondicherry,2023-01-11,20,49,0
Madurai,2023-01-11,29,56,10.9
Mumbai,2023-01-12,25,47,0.6
Delhi,2023-01-12,25,42,2.2
Chennai,2023-01-12,19,55,0
Kolkata,2023-01-12,24,57,23.8
Bengaluru,2023-01-12,21,39,1.8
Hyderabad,2023-01-12,23,57,1.4
Ahmedabad,2023-01-12,40,20,0
Pune,2023-01-12,28,45,1.0
Jaipur,2023-01-12,33,26,0.5
Lucknow,2023-01-12,13,38,3.7
Nagpur,2023-01-12,21,21,2.3
Indore,2023-01-12,11,33,1.6
Bhopal,2023-01-12,35,28,0.8
Surat,2023-01-12,20,36,3.2
Vadodara,2023-01-12,25,45,3.5
Coimbatore,2023-01-12,20,53,7.2
Kochi,2023-01-12,22,78,1.7
Thiruvananthapuram,2023-01-12,19,44,18.7
Visakhapatnam,2023-01-12,27,69,5.7
Vijayawada,2023-01-12,34,27,3.4
Guwahati,2023-01-12,21,65,5.5
Patna,2023-01-12,13,66,4.9
Ranchi,2023-01-12,17,46,8.6
Bhubaneswar,2023-01-12,15,55,8.8
Raipur,2023-01-12,13,37,2.4
Chandigarh,2023-01-12,34,48,0.5
Dehradun,2023-01-12,16,46,4.4
Shimla,2023-01-12,0,53,7.3
Srinagar,2023-01-12,3,70,8.6
Jammu,2023-01-12,0,57,2.0
Goa,2023-01-12,19,71,8.4
Mangalore,2023-01-12,21,59,7.7
Mysore,2023-01-12,25,35,2.9
Pondicherry,2023-01-12,30,67,4.8
Madurai,2023-01-12,25,40,7.6
Mumbai,2023-01-13,23,63,1.4
Delhi,2023-01-13,36,71,3.2
Chennai,2023-01-13,29,49,0.1
Kolkata,2023-01-13,26,51,20.3
Bengaluru,2023-01-13,24,22,6.4
Hyderabad,2023-01-13,36,25,6.2
Ahmedabad,2023-01-13,27,42,2.8
Pune,2023-01-13,25,20,2.9
Jaipur,2023-01-13,9,45,1.1
Lucknow,2023-01-13,11,59,3.1
Nagpur,2023-01-13,26,44,1.6
Indore,2023-01-13,15,60,3.9
Bhopal,2023-01-13,31,73,0
Surat,2023-01-13,23,59,3.2
Vadodara,2023-01-13,33,44,2.9
Coimbatore,2023-01-13,27,62,7.6
Kochi,2023-01-13,24,42,7.8
Thiruvananthapuram,2023-01-13,20,57,6.6
Visakhapatnam,2023-01-13,31,67,8.2
Vijayawada,2023-01-13,24,33,4.3
Guwahati,2023-01-13,12,52,12.7
Patna,2023-01-13,34,41,4.9
Ranchi,2023-01-13,30,72,2.3
Bhubaneswar,2023-01-13,23,39,3.7
Raipur,2023-01-13,19,68,2.3
Chandigarh,2023-01-13,18,58,2.8
Dehradun,2023-01-13,25,48,0.7
Shimla,2023-01-13,7,32,0.3
Srinagar,2023-01-13,5,70,6.3
Jammu,2023-01-13,32,37,2.7
Goa,2023-01-13,21,55,9.2
Mangalore,2023-01-13,29,55,16.2
Mysore,2023-01-13,24,59,9.4
Pondicherry,2023-01-13,25,68,0.3
Madurai,2023-01-13,23,37,7.2
Mumbai,2023-01-14,31,77,8.1
Delhi,2023-01-14,20,36,0
Chennai,2023-01-14,23,58,7.1
Kolkata,2023-01-14,15,46,14.2
Bengaluru,2023-01-14,25,33,1.9
Hyderabad,2023-01-14,16,30,6.0
Ahmedabad,2023-01-14,33,20,4.3
Pune,2023-01-14,31,35,4.8
Jaipur,2023-01-14,10,36,2.0
Lucknow,2023-01-14,29,41,1.8
Nagpur,2023-01-14,18,28,4.1
Indore,2023-01-14,11,68,0
Bhopal,2023-01-14,11,34,1.0
Surat,2023-01-14,30,41,2.5
Vadodara,2023-01-14,17,65,0.9
Coimbatore,2023-01-14,17,30,11.5
Kochi,2023-01-14,27,67,3.7
Thiruvananthapuram,2023-01-14,18,46,0
Visakhapatnam,2023-01-14,25,68,8.3
Vijayawada,2023-01-14,38,44,8.5
Guwahati,2023-01-14,23,72,11.7
Patna,2023-01-14,16,42,5.0
Ranchi,2023-01-14,10,72,5.6
Bhubaneswar,2023-01-14,20,39,0
Raipur,2023-01-14,17,35,0.2
Chandigarh,2023-01-14,29,22,0.5
Dehradun,2023-01-14,0,77,0.9
Shimla,2023-01-14,12,21,2.7
Srinagar,2023-01-14,0,70,3.6
Jammu,2023-01-14,4,20,0.1
Goa,2023-01-14,18,67,2.6
Mangalore,2023-01-14,27,77,16.1
Mysore,2023-01-14,15,49,10.3
Pondicherry,2023-01-14,20,62,9.7
Madurai,2023-01-14,23,45,5.7
Mumbai,2023-01-15,27,52,3.7
Delhi,2023-01-15,34,59,3.2
Chennai,2023-01-15,29,58,12.6
Kolkata,2023-01-15,32,71,11.3
Bengaluru,2023-01-15,21,73,2.3
Hyderabad,2023-01-15,34,29,0.2
Ahmedabad,2023-01-15,18,60,4.2
Pune,2023-01-15,18,43,3.4
Jaipur,2023-01-15,36,64,1.1
Lucknow,2023-01-15,31,61,1.6
Nagpur,2023-01-15,19,46,1.0
Indore,2023-01-15,23,36,0
Bhopal,2023-01-15,18,22,0
Surat,2023-01-15,14,28,1.2
Vadodara,2023-01-15,22,51,0
Coimbatore,2023-01-15,27,62,6.4
Kochi,2023-01-15,30,57,13.1
Thiruvananthapuram,2023-01-15,29,53,16.5
Visakhapatnam,2023-01-15,35,77,3.5
Vijayawada,2023-01-15,27,72,0
Guwahati,2023-01-15,23,47,1.1
Patna,2023-01-15,17,58,1.9
Ranchi,2023-01-15,26,51,7.4
Bhubaneswar,2023-01-15,17,45,0.3
Raipur,2023-01-15,28,55,0.0
Chandigarh,2023-01-15,32,22,1.0
Dehradun,2023-01-15,8,38,2.9
Shimla,2023-01-15,4,50,6.9
Srinagar,2023-01-15,11,40,4.3
Jammu,2023-01-15,26,58,0
Goa,2023-01-15,18,52,14.1
Mangalore,2023-01-15,27,49,5.7
Mysore,2023-01-15,28,37,0
Pondicherry,2023-01-15,28,69,1.0
Madurai,2023-01-15,32,41,1.0
Mumbai,2023-01-16,28,60,5.0
Delhi,2023-01-16,27,48,0
Chennai,2023-01-16,21,75,0.0
Kolkata,2023-01-16,19,55,10.1
Bengaluru,2023-01-16,18,30,9.4
Hyderabad,2023-01-16,29,64,0
Ahmedabad,2023-01-16,38,37,0.2
Pune,2023-01-16,19,67,3.9
Jaipur,2023-01-16,21,20,3.2
Lucknow,2023-01-16,12,62,1.5
Nagpur,2023-01-16,17,25,1.5
Indore,2023-01-16,32,62,0.2
Bhopal,2023-01-16,10,61,1.2
Surat,2023-01-16,22,61,0.6
Vadodara,2023-01-16,19,53,1.2
Coimbatore,2023-01-16,27,46,3.0
Kochi,2023-01-16,22,56,5.6
Thiruvananthapuram,2023-01-16,24,62,3.0
Visakhapatnam,2023-01-16,34,70,5.2
Vijayawada,2023-01-16,26,47,8.0
Guwahati,2023-01-16,23,66,8.4
Patna,2023-01-16,14,61,2.7
Ranchi,2023-01-16,15,76,6.6
Bhubaneswar,2023-01-16,30,57,8.8
Raipur,2023-01-16,24,20,3.3
Chandigarh,2023-01-16,24,43,1.6
Dehradun,2023-01-16,4,47,2.5
Shimla,2023-01-16,5,59,8.2
Srinagar,2023-01-16,1,32,8.7
Jammu,2023-01-16,20,49,3.3
Goa,2023-01-16,20,48,10.8
Mangalore,2023-01-16,14,65,10.9
Mysore,2023-01-16,29,54,1.3
Pondicherry,2023-01-16,19,64,11.7
Madurai,2023-01-16,31,69,8.0
Mumbai,2023-01-17,24,51,0.5
Delhi,2023-01-17,21,71,4.5
Chennai,2023-01-17,29,66,1.8
Kolkata,2023-01-17,26,71,19.3
Bengaluru,2023-01-17,24,28,5.3
Hyderabad,2023-01-17,13,48,2.3
Ahmedabad,2023-01-17,18,55,2.8
Pune,2023-01-17,24,29,4.2
Jaipur,2023-01-17,17,40,2.6
Lucknow,2023-01-17,11,20,2.9
Nagpur,2023-01-17,39,52,0
Indore,2023-01-17,12,64,2.3
Bhopal,2023-01-17,18,37,0
Surat,2023-01-17,18,38,4.5
Vadodara,2023-01-17,19,68,0.4
Coimbatore,2023-01-17,22,46,0
Kochi,2023-01-17,18,47,5.9
Thiruvananthapuram,2023-01-17,25,60,1.8
Visakhapatnam,2023-01-17,32,66,0.1
Vijayawada,2023-01-17,31,33,7.2
Guwahati,2023-01-17,18,65,11.9
Patna,2023-01-17,27,63,5.5
Ranchi,2023-01-17,22,70,6.3
Bhubaneswar,2023-01-17,17,69,8.1
Raipur,2023-01-17,16,71,4.0
Chandigarh,2023-01-17,8,20,0
Dehradun,2023-01-17,21,56,0
Shimla,2023-01-17,0,68,7.0
Srinagar,2023-01-17,0,36,0.7
Jammu,2023-01-17,11,54,1.3
Goa,2023-01-17,19,59,8.1
Mangalore,2023-01-17,28,50,0.7
Mysore,2023-01-17,27,40,9.4
Pondicherry,2023-01-17,26,52,2.8
Madurai,2023-01-17,30,42,3.7
Mumbai,2023-01-18,27,74,6.1
Delhi,2023-01-18,40,54,3.3
Chennai,2023-01-18,27,44,10.4
Kolkata,2023-01-18,31,49,0
Bengaluru,2023-01-18,30,32,4.0
Hyderabad,2023-01-18,23,50,6.7
Ahmedabad,2023-01-18,20,20,0.2
Pune,2023-01-18,17,53,3.5
Jaipur,2023-01-18,24,41,1.1
Lucknow,2023-01-18,34,61,0
Nagpur,2023-01-18,17,20,0.9
Indore,2023-01-18,25,40,2.0
Bhopal,2023-01-18,22,28,1.2
Surat,2023-01-18,27,22,2.2
Vadodara,2023-01-18,22,29,2.1
Coimbatore,2023-01-18,16,62,0
Kochi,2023-01-18,25,56,4.8
Thiruvananthapuram,2023-01-18,18,67,4.0
Visakhapatnam,2023-01-18,23,73,5.1
Vijayawada,2023-01-18,24,32,6.3
Guwahati,2023-01-18,22,47,9.4
Patna,2023-01-18,30,47,4.0
Ranchi,2023-01-18,12,32,6.5
Bhubaneswar,2023-01-18,15,52,11.3
Raipur,2023-01-18,33,20,5.1
Chandigarh,2023-01-18,11,51,2.5
Dehradun,2023-01-18,18,41,2.6
Shimla,2023-01-18,0,45,0
Srinagar,2023-01-18,15,23,0
Jammu,2023-01-18,2,68,2.9
Goa,2023-01-18,25,73,8.8
Mangalore,2023-01-18,19,71,10.4
Mysore,2023-01-18,15,35,1.9
Pondicherry,2023-01-18,22,58,7.2
Madurai,2023-01-18,29,53,9.8
Mumbai,2023-01-19,28,53,6.3
Delhi,2023-01-19,17,56,0
Chennai,2023-01-19,19,71,4.3
Kolkata,2023-01-19,32,52,13.5
Bengaluru,2023-01-19,15,49,11.1
Hyderabad,2023-01-19,18,38,0.1
Ahmedabad,2023-01-19,22,52,1.2
Pune,2023-01-19,18,48,1.0
Jaipur,2023-01-19,32,37,1.8
Lucknow,2023-01-19,27,48,4.5
Nagpur,2023-01-19,37,75,0
Indore,2023-01-19,18,51,0
Bhopal,2023-01-19,10,60,1.0
Surat,2023-01-19,32,64,3.2
Vadodara,2023-01-19,16,33,1.1
Coimbatore,2023-01-19,21,34,1.3
Kochi,2023-01-19,20,63,5.2
Thiruvananthapuram,2023-01-19,23,60,0
Visakhapatnam,2023-01-19,30,70,7.1
Vijayawada,2023-01-19,34,60,5.3
Guwahati,2023-01-19,25,61,9.3
Patna,2023-01-19,25,39,6.2
Ranchi,2023-01-19,31,53,3.4
Bhubaneswar,2023-01-19,18,47,10.3
Raipur,2023-01-19,25,70,0
Chandigarh,2023-01-19,14,32,1.6
Dehradun,2023-01-19,6,43,3.7
Shimla,2023-01-19,15,51,3.2
Srinagar,2023-01-19,0,50,5.7
Jammu,2023-01-19,29,55,3.5
Goa,2023-01-19,28,70,6.4
Mangalore,2023-01-19,18,45,16.2
Mysore,2023-01-19,19,43,1.4
Pondicherry,2023-01-19,19,54,11.2
Madurai,2023-01-19,19,47,11.1
Mumbai,2023-01-20,26,49,0.3
Delhi,2023-01-20,37,64,3.8
Chennai,2023-01-20,23,63,10.0
Kolkata,2023-01-20,19,74,17.3
Bengaluru,2023-01-20,31,60,6.2
Hyderabad,2023-01-20,21,65,0
Ahmedabad,2023-01-20,38,65,1.8
Pune,2023-01-20,32,76,0.2
Jaipur,2023-01-20,31,32,2.7
Lucknow,2023-01-20,26,73,0.4
Nagpur,2023-01-20,38,26,2.8
Indore,2023-01-20,31,47,0
Bhopal,2023-01-20,28,37,1.0
Surat,2023-01-20,28,63,2.5
Vadodara,2023-01-20,21,47,2.8
Coimbatore,2023-01-20,18,29,7.6
Kochi,2023-01-20,26,48,13.9
Thiruvananthapuram,2023-01-20,26,61,14.7
Visakhapatnam,2023-01-20,27,45,4.3
Vijayawada,2023-01-20,27,46,2.9
Guwahati,2023-01-20,11,66,5.2
Patna,2023-01-20,17,38,3.0
Ranchi,2023-01-20,14,27,0
Bhubaneswar,2023-01-20,22,52,1.7
Raipur,2023-01-20,14,32,3.3
Chandigarh,2023-01-20,15,60,0
Dehradun,2023-01-20,18,70,2.3
Shimla,2023-01-20,0,62,0.7
Srinagar,2023-01-20,0,42,0
Jammu,2023-01-20,4,64,5.3
Goa,2023-01-20,19,62,1.0
Mangalore,2023-01-20,17,61,0
Mysore,2023-01-20,23,42,2.9
Pondicherry,2023-01-20,26,69,7.3
Madurai,2023-01-20,33,57,1.1
Mumbai,2023-01-21,30,56,2.8
Delhi,2023-01-21,37,65,1.7
Chennai,2023-01-21,24,43,10.2
Kolkata,2023-01-21,15,55,14.2
Bengaluru,2023-01-21,23,59,14.3
Hyderabad,2023-01-21,18,20,3.2
Ahmedabad,2023-01-21,29,37,2.4
Pune,2023-01-21,20,57,5.8
Jaipur,2023-01-21,37,62,0.7
Lucknow,2023-01-21,37,33,2.4
Nagpur,2023-01-21,31,43,2.1
Indore,2023-01-21,32,40,1.7
Bhopal,2023-01-21,24,39,2.7
Surat,2023-01-21,32,71,0
Vadodara,2023-01-21,23,30,3.5
Coimbatore,2023-01-21,22,47,13.0
Kochi,2023-01-21,18,51,0
Thiruvananthapuram,2023-01-21,28,56,19.4
Visakhapatnam,2023-01-21,26,77,7.8
Vijayawada,2023-01-21,26,71,3.2
Guwahati,2023-01-21,19,47,10.0
Patna,2023-01-21,20,33,5.4
Ranchi,2023-01-21,32,66,0.0
Bhubaneswar,2023-01-21,17,58,2.4
Raipur,2023-01-21,15,40,3.3
Chandigarh,2023-01-21,13,56,1.1
Dehradun,2023-01-21,0,57,0
Shimla,2023-01-21,0,56,8.2
Srinagar,2023-01-21,12,43,0.9
Jammu,2023-01-21,9,41,4.1
Goa,2023-01-21,16,48,3.0
Mangalore,2023-01-21,23,76,14.8
Mysore,2023-01-21,22,47,5.5
Pondicherry,2023-01-21,25,54,0.3
Madurai,2023-01-21,21,64,5.4
Mumbai,2023-01-22,22,60,3.8
Delhi,2023-01-22,30,29,2.2
Chennai,2023-01-22,20,49,13.0
Kolkata,2023-01-22,21,64,22.7
Bengaluru,2023-01-22,19,57,5.5
Hyderabad,2023-01-22,29,25,5.8
Ahmedabad,2023-01-22,37,71,1.9
Pune,2023-01-22,19,36,3.1
Jaipur,2023-01-22,27,20,2.6
Lucknow,2023-01-22,24,24,1.2
Nagpur,2023-01-22,25,40,0
Indore,2023-01-22,19,41,1.1
Bhopal,2023-01-22,20,69,4.0
Surat,2023-01-22,31,71,1.4
Vadodara,2023-01-22,29,45,0.8
Coimbatore,2023-01-22,23,42,1.5
Kochi,2023-01-22,25,55,9.1
Thiruvananthapuram,2023-01-22,28,52,3.1
Visakhapatnam,2023-01-22,18,70,5.7
Vijayawada,2023-01-22,18,31,3.7
Guwahati,2023-01-22,26,50,1.0
Patna,2023-01-22,18,61,5.9
Ranchi,2023-01-22,32,60,0.1
Bhubaneswar,2023-01-22,17,45,0.7
Raipur,2023-01-22,17,67,0
Chandigarh,2023-01-22,19,20,0
Dehradun,2023-01-22,11,64,2.9
Shimla,2023-01-22,0,37,3.5
Srinagar,2023-01-22,0,50,4.9
Jammu,2023-01-22,11,56,3.5
Goa,2023-01-22,20,68,7.2
Mangalore,2023-01-22,21,44,7.1
Mysore,2023-01-22,18,67,4.4
Pondicherry,2023-01-22,20,72,0.8
Madurai,2023-01-22,33,52,5.4
Mumbai,2023-01-23,20,45,10.0
Delhi,2023-01-23,27,57,0.3
Chennai,2023-01-23,29,45,5.7
Kolkata,2023-01-23,25,56,12.1
Bengaluru,2023-01-23,16,73,11.3
Hyderabad,2023-01-23,13,70,6.8
Ahmedabad,2023-01-23,36,38,1.1
Pune,2023-01-23,25,47,0
Jaipur,2023-01-23,28,55,1.2
Lucknow,2023-01-23,28,29,0
Nagpur,2023-01-23,17,70,2.9
Indore,2023-01-23,28,53,0
Bhopal,2023-01-23,13,22,2.3
Surat,2023-01-23,26,38,0
Vadodara,2023-01-23,17,27,0
Coimbatore,2023-01-23,17,57,2.5
Kochi,2023-01-23,21,58,14.9
Thiruvananthapuram,2023-01-23,23,49,16.6
Visakhapatnam,2023-01-23,19,50,6.8
Vijayawada,2023-01-23,31,21,7.7
Guwahati,2023-01-23,29,58,4.4
Patna,2023-01-23,22,32,0
Ranchi,2023-01-23,32,51,8.1
Bhubaneswar,2023-01-23,33,39,4.9
Raipur,2023-01-23,16,51,0
Chandigarh,2023-01-23,20,25,3.2
Dehradun,2023-01-23,24,30,0
Shimla,2023-01-23,14,70,3.9
Srinagar,2023-01-23,13,62,7.3
Jammu,2023-01-23,35,26,4.2
Goa,2023-01-23,19,69,10.5
Mangalore,2023-01-23,25,62,11.7
Mysore,2023-01-23,21,56,12.1
Pondicherry,2023-01-23,25,70,9.5
Madurai,2023-01-23,21,46,12.1
Mumbai,2023-01-24,27,70,0.9
Delhi,2023-01-24,23,49,1.9
Chennai,2023-01-24,22,64,2.5
Kolkata,2023-01-24,21,46,2.2
Bengaluru,2023-01-24,26,36,12.0
Hyderabad,2023-01-24,36,65,2.1
Ahmedabad,2023-01-24,28,50,2.3
Pune,2023-01-24,24,37,7.0
Jaipur,2023-01-24,22,49,1.0
Lucknow,2023-01-24,23,53,1.3
Nagpur,2023-01-24,29,42,2.1
Indore,2023-01-24,30,25,0.7
Bhopal,2023-01-24,29,58,0
Surat,2023-01-24,25,51,0.9
Vadodara,2023-01-24,23,33,0.3
Coimbatore,2023-01-24,19,40,13.0
Kochi,2023-01-24,21,64,0
Thiruvananthapuram,2023-01-24,20,61,10.7
Visakhapatnam,2023-01-24,18,49,0
Vijayawada,2023-01-24,36,52,7.2
Guwahati,2023-01-24,16,70,9.9
Patna,2023-01-24,17,67,0.1
Ranchi,2023-01-24,8,46,1.3
Bhubaneswar,2023-01-24,30,41,8.3
Raipur,2023-01-24,15,40,2.9
Chandigarh,2023-01-24,18,70,2.2
Dehradun,2023-01-24,11,71,3.1
Shimla,2023-01-24,14,43,1.6
Srinagar,2023-01-24,5,67,8.2
Jammu,2023-01-24,16,28,2.8
Goa,2023-01-24,20,53,3.0
Mangalore,2023-01-24,21,60,16.4
Mysore,2023-01-24,18,52,10.2
Pondicherry,2023-01-24,23,52,9.6
Madurai,2023-01-24,29,41,6.9
Mumbai,2023-01-25,25,69,8.8
Delhi,2023-01-25,26,44,0
Chennai,2023-01-25,22,48,2.3
Kolkata,2023-01-25,26,45,4.9
Bengaluru,2023-01-25,21,64,0.4
Hyderabad,2023-01-25,27,27,3.3
Ahmedabad,2023-01-25,32,73,0.8
Pune,2023-01-25,25,41,3.4
Jaipur,2023-01-25,30,40,0
Lucknow,2023-01-25,25,20,0.1
Nagpur,2023-01-25,21,62,2.7
Indore,2023-01-25,17,20,2.9
Bhopal,2023-01-25,15,34,1.2
Surat,2023-01-25,25,50,0
Vadodara,2023-01-25,13,41,2.9
Coimbatore,2023-01-25,23,34,7.3
Kochi,2023-01-25,29,47,0
Thiruvananthapuram,2023-01-25,27,70,16.0
Visakhapatnam,2023-01-25,25,65,0
Vijayawada,2023-01-25,21,22,1.2
Guwahati,2023-01-25,19,57,9.2
Patna,2023-01-25,15,37,6.7
Ranchi,2023-01-25,12,37,6.4
Bhubaneswar,2023-01-25,22,39,7.9
Raipur,2023-01-25,24,48,0
Chandigarh,2023-01-25,21,55,0.1
Dehradun,2023-01-25,15,51,3.7
Shimla,2023-01-25,1,45,0
Srinagar,2023-01-25,0,59,9.8
Jammu,2023-01-25,25,44,1.3
Goa,2023-01-25,27,61,1.6
Mangalore,2023-01-25,22,69,1.3
Mysore,2023-01-25,16,30,6.2
Pondicherry,2023-01-25,27,66,7.2
Madurai,2023-01-25,25,46,0.5
Mumbai,2023-01-26,20,46,2.3
Delhi,2023-01-26,36,31,1.9
Chennai,2023-01-26,28,62,1.8
Kolkata,2023-01-26,27,69,9.5
Bengaluru,2023-01-26,23,39,3.9
Hyderabad,2023-01-26,35,75,5.0
Ahmedabad,2023-01-26,36,31,1.1
Pune,2023-01-26,16,34,4.2
Jaipur,2023-01-26,14,59,4.8
Lucknow,2023-01-26,29,21,3.0
Nagpur,2023-01-26,36,34,1.0
Indore,2023-01-26,29,63,0.6
Bhopal,2023-01-26,31,21,0.3
Surat,2023-01-26,15,59,2.3
Vadodara,2023-01-26,28,64,3.3
Coimbatore,2023-01-26,23,58,9.0
Kochi,2023-01-26,24,46,9.8
Thiruvananthapuram,2023-01-26,23,69,2.1
Visakhapatnam,2023-01-26,29,50,8.2
Vijayawada,2023-01-26,23,54,6.3
Guwahati,2023-01-26,25,57,0
Patna,2023-01-26,17,45,0.2
Ranchi,2023-01-26,10,31,1.3
Bhubaneswar,2023-01-26,27,36,4.2
Raipur,2023-01-26,18,46,1.0
Chandigarh,2023-01-26,29,20,1.0
Dehradun,2023-01-26,15,43,1.9
Shimla,2023-01-26,9,76,8.8
Srinagar,2023-01-26,0,50,7.7
Jammu,2023-01-26,7,60,1.5
Goa,2023-01-26,25,60,12.3
Mangalore,2023-01-26,19,74,7.9
Mysore,2023-01-26,29,31,4.9
Pondicherry,2023-01-26,24,60,7.7
Madurai,2023-01-26,34,53,13.1
Mumbai,2023-01-27,21,59,5.7
Delhi,2023-01-27,23,51,0
Chennai,2023-01-27,19,63,10.9
Kolkata,2023-01-27,19,57,17.7
Bengaluru,2023-01-27,19,66,6.7
Hyderabad,2023-01-27,17,28,2.4
Ahmedabad,2023-01-27,20,20,0.4
Pune,2023-01-27,20,28,0.3
Jaipur,2023-01-27,29,20,3.1
Lucknow,2023-01-27,25,68,3.2
Nagpur,2023-01-27,31,46,2.1
Indore,2023-01-27,24,59,1.4
Bhopal,2023-01-27,35,46,1.5
Surat,2023-01-27,18,73,0
Vadodara,2023-01-27,16,40,0.2
Coimbatore,2023-01-27,31,35,10.1
Kochi,2023-01-27,25,48,12.4
Thiruvananthapuram,2023-01-27,17,51,6.1
Visakhapatnam,2023-01-27,31,49,8.1
Vijayawada,2023-01-27,30,69,3.0
Guwahati,2023-01-27,13,67,13.5
Patna,2023-01-27,17,42,2.5
Ranchi,2023-01-27,19,67,4.1
Bhubaneswar,2023-01-27,31,39,0.8
Raipur,2023-01-27,28,69,1.3
Chandigarh,2023-01-27,6,70,2.1
Dehradun,2023-01-27,12,74,4.1
Shimla,2023-01-27,0,66,3.4
Srinagar,2023-01-27,6,47,5.5
Jammu,2023-01-27,23,65,1.7
Goa,2023-01-27,21,53,9.7
Mangalore,2023-01-27,22,65,16.7
Mysore,2023-01-27,23,41,7.5
Pondicherry,2023-01-27,20,72,2.8
Madurai,2023-01-27,27,69,16.5
Mumbai,2023-01-28,24,66,0.2
Delhi,2023-01-28,27,73,0.5
Chennai,2023-01-28,19,59,11.1
Kolkata,2023-01-28,32,52,0.7
Bengaluru,2023-01-28,30,23,2.6
Hyderabad,2023-01-28,31,65,5.7
Ahmedabad,2023-01-28,28,29,3.0
Pune,2023-01-28,25,64,4.2
Jaipur,2023-01-28,19,24,3.8
Lucknow,2023-01-28,24,53,3.2
Nagpur,2023-01-28,24,28,3.3
Indore,2023-01-28,10,46,1.4
Bhopal,2023-01-28,22,32,0.6
Surat,2023-01-28,21,62,3.2
Vadodara,2023-01-28,21,32,2.2
Coimbatore,2023-01-28,13,25,3.7
Kochi,2023-01-28,21,60,14.2
Thiruvananthapuram,2023-01-28,23,58,0
Visakhapatnam,2023-01-28,32,59,4.6
Vijayawada,2023-01-28,33,44,0.2
Guwahati,2023-01-28,24,72,0
Patna,2023-01-28,32,73,4.9
Ranchi,2023-01-28,25,52,3.9
Bhubaneswar,2023-01-28,25,70,3.5
Raipur,2023-01-28,40,46,0.3
Chandigarh,2023-01-28,9,62,4.4
Dehradun,2023-01-28,18,39,3.4
Shimla,2023-01-28,13,46,8.4
Srinagar,2023-01-28,0,36,6.7
Jammu,2023-01-28,1,23,0.7
Goa,2023-01-28,15,54,8.4
Mangalore,2023-01-28,18,69,12.8
Mysore,2023-01-28,22,63,4.7
Pondicherry,2023-01-28,25,49,2.3
Madurai,2023-01-28,22,38,18.2
Mumbai,2023-01-29,24,52,11.5
Delhi,2023-01-29,13,51,2.1
Chennai,2023-01-29,30,67,9.4
Kolkata,2023-01-29,25,54,10.4
Bengaluru,2023-01-29,18,47,7.6
Hyderabad,2023-01-29,17,42,2.4
Ahmedabad,2023-01-29,33,26,1.3
Pune,2023-01-29,16,67,0
Jaipur,2023-01-29,14,60,3.3
Lucknow,2023-01-29,22,42,0.6
Nagpur,2023-01-29,15,50,0
Indore,2023-01-29,19,48,2.1
Bhopal,2023-01-29,25,41,0.4
Surat,2023-01-29,28,54,1.2
Vadodara,2023-01-29,17,41,2.8
Coimbatore,2023-01-29,16,45,1.4
Kochi,2023-01-29,29,47,4.3
Thiruvananthapuram,2023-01-29,23,46,0.5
Visakhapatnam,2023-01-29,29,62,2.8
Vijayawada,2023-01-29,36,63,1.1
Guwahati,2023-01-29,8,55,8.2
Patna,2023-01-29,16,60,0
Ranchi,2023-01-29,12,73,3.5
Bhubaneswar,2023-01-29,33,41,9.3
Raipur,2023-01-29,21,22,2.4
Chandigarh,2023-01-29,28,38,0.0
Dehradun,2023-01-29,19,60,1.3
Shimla,2023-01-29,0,72,7.9
Srinagar,2023-01-29,0,72,0
Jammu,2023-01-29,20,42,1.5
Goa,2023-01-29,16,53,4.9
Mangalore,2023-01-29,19,66,11.1
Mysore,2023-01-29,21,42,0
Pondicherry,2023-01-29,29,44,4.5
Madurai,2023-01-29,25,51,3.5
Mumbai,2023-01-30,32,47,12.1
Delhi,2023-01-30,32,27,2.0
Chennai,2023-01-30,35,47,8.4
Kolkata,2023-01-30,21,59,19.3
Bengaluru,2023-01-30,18,30,10.4
Hyderabad,2023-01-30,21,27,1.5
Ahmedabad,2023-01-30,23,34,1.2
Pune,2023-01-30,15,42,2.7
Jaipur,2023-01-30,15,34,0
Lucknow,2023-01-30,21,25,0.9
Nagpur,2023-01-30,35,66,2.5
Indore,2023-01-30,30,62,0.7
Bhopal,2023-01-30,27,24,0.9
Surat,2023-01-30,22,54,1.9
Vadodara,2023-01-30,26,33,2.8
Coimbatore,2023-01-30,27,44,6.4
Kochi,2023-01-30,21,57,17.7
Thiruvananthapuram,2023-01-30,22,71,2.8
Visakhapatnam,2023-01-30,26,66,0.5
Vijayawada,2023-01-30,34,59,1.4
Guwahati,2023-01-30,14,54,3.0
Patna,2023-01-30,29,69,6.4
Ranchi,2023-01-30,30,66,2.1
Bhubaneswar,2023-01-30,18,61,10.1
Raipur,2023-01-30,34,39,1.3
Chandigarh,2023-01-30,4,61,1.4
Dehradun,2023-01-30,22,22,0
Shimla,2023-01-30,16,47,0.5
Srinagar,2023-01-30,0,56,6.1
Jammu,2023-01-30,3,34,2.9
Goa,2023-01-30,26,54,4.3
Mangalore,2023-01-30,20,50,11.8
Mysore,2023-01-30,28,45,2.7
Pondicherry,2023-01-30,25,74,9.0
Madurai,2023-01-30,18,70,10.3
Mumbai,2023-01-31,30,48,12.4
Delhi,2023-01-31,22,29,0
Chennai,2023-01-31,29,65,14.5
Kolkata,2023-01-31,14,48,15.1
Bengaluru,2023-01-31,28,53,8.0
Hyderabad,2023-01-31,37,72,6.2
Ahmedabad,2023-01-31,19,49,2.3
Pune,2023-01-31,17,53,5.0
Jaipur,2023-01-31,36,51,0
Lucknow,2023-01-31,30,61,2.5
Nagpur,2023-01-31,16,37,0
Indore,2023-01-31,15,57,1.8
Bhopal,2023-01-31,26,57,3.4
Surat,2023-01-31,18,58,0.1
Vadodara,2023-01-31,25,40,1.0
Coimbatore,2023-01-31,24,64,3.0
Kochi,2023-01-31,22,77,18.9
Thiruvananthapuram,2023-01-31,22,59,6.8
Visakhapatnam,2023-01-31,23,59,0
Vijayawada,2023-01-31,37,37,3.1
Guwahati,2023-01-31,22,44,0.7
Patna,2023-01-31,13,64,3.9
Ranchi,2023-01-31,17,62,8.0
Bhubaneswar,2023-01-31,20,63,11.7
Raipur,2023-01-31,18,53,1.2
Chandigarh,2023-01-31,31,58,1.0
Dehradun,2023-01-31,15,58,3.3
Shimla,2023-01-31,0,61,9.1
Srinagar,2023-01-31,0,28,3.8
Jammu,2023-01-31,34,31,1.5
Goa,2023-01-31,21,61,3.7
Mangalore,2023-01-31,23,56,15.7
Mysore,2023-01-31,17,54,6.8
Pondicherry,2023-01-31,23,42,3.7
Madurai,2023-01-31,28,41,13.0
Mumbai,2023-02-01,31,47,11.3
Delhi,2023-02-01,37,53,3.9
Chennai,2023-02-01,33,70,0
Kolkata,2023-02-01,20,61,1.8
Bengaluru,2023-02-01,21,30,3.6
Hyderabad,2023-02-01,32,30,0
Ahmedabad,2023-02-01,37,64,1.5
Pune,2023-02-01,30,50,4.9
Jaipur,2023-02-01,20,20,0.6
Lucknow,2023-02-01,36,51,0
Nagpur,2023-02-01,25,45,2.5
Indore,2023-02-01,21,20,3.9
Bhopal,2023-02-01,25,66,0
Surat,2023-02-01,24,71,0
Vadodara,2023-02-01,15,42,3.5
Coimbatore,2023-02-01,17,48,6.7
Kochi,2023-02-01,26,64,13.8
Thiruvananthapuram,2023-02-01,23,75,1.7
Visakhapatnam,2023-02-01,22,49,5.0
Vijayawada,2023-02-01,29,27,7.3
Guwahati,2023-02-01,30,64,2.1
Patna,2023-02-01,18,69,1.6
Ranchi,2023-02-01,29,65,4.7
Bhubaneswar,2023-02-01,24,39,2.5
Raipur,2023-02-01,27,20,3.9
Chandigarh,2023-02-01,23,66,0.7
Dehradun,2023-02-01,12,70,0
Shimla,2023-02-01,11,43,5.6
Srinagar,2023-02-01,0,67,10.2
Jammu,2023-02-01,30,21,3.1
Goa,2023-02-01,23,43,4.3
Mangalore,2023-02-01,24,50,13.5
Mysore,2023-02-01,28,52,0.9
Pondicherry,2023-02-01,20,70,8.6
Madurai,2023-02-01,22,60,8.9
Mumbai,2023-02-02,29,44,12.1
Delhi,2023-02-02,18,67,0.9
Chennai,2023-02-02,28,62,14.6
Kolkata,2023-02-02,20,50,17.7
Bengaluru,2023-02-02,25,63,4.0
Hyderabad,2023-02-02,23,66,4.6
Ahmedabad,2023-02-02,27,22,4.0
Pune,2023-02-02,33,77,2.5
Jaipur,2023-02-02,8,20,2.6
Lucknow,2023-02-02,8,66,2.8
Nagpur,2023-02-02,28,58,2.8
Indore,2023-02-02,26,36,1.9
Bhopal,2023-02-02,12,67,1.2
Surat,2023-02-02,18,59,4.7
Vadodara,2023-02-02,25,49,2.4
Coimbatore,2023-02-02,16,27,4.9
Kochi,2023-02-02,31,61,6.5
Thiruvananthapuram,2023-02-02,29,64,13.7
Visakhapatnam,2023-02-02,21,71,6.6
Vijayawada,2023-02-02,26,36,5.6
Guwahati,2023-02-02,23,66,1.7
Patna,2023-02-02,21,47,2.4
Ranchi,2023-02-02,22,56,3.4
Bhubaneswar,2023-02-02,15,72,0.7
Raipur,2023-02-02,32,68,0.4
Chandigarh,2023-02-02,23,62,2.4
Dehradun,2023-02-02,1,32,0
Shimla,2023-02-02,17,70,7.2
Srinagar,2023-02-02,9,32,7.9
Jammu,2023-02-02,0,43,0.9
Goa,2023-02-02,21,49,4.6
Mangalore,2023-02-02,21,50,7.1
Mysore,2023-02-02,28,48,0.5
Pondicherry,2023-02-02,25,52,1.0
Madurai,2023-02-02,31,44,8.2
Mumbai,2023-02-03,27,52,3.0
Delhi,2023-02-03,35,34,4.0
Chennai,2023-02-03,25,57,9.3
Kolkata,2023-02-03,14,65,2.0
Bengaluru,2023-02-03,19,54,11.1
Hyderabad,2023-02-03,27,59,3.6
Ahmedabad,2023-02-03,25,20,2.3
Pune,2023-02-03,18,53,0.3
Jaipur,2023-02-03,18,40,3.0
Lucknow,2023-02-03,11,72,0
Nagpur,2023-02-03,31,62,2.3
Indore,2023-02-03,32,27,3.3
Bhopal,2023-02-03,28,42,2.2
Surat,2023-02-03,15,26,1.9
Vadodara,2023-02-03,21,54,3.9
Coimbatore,2023-02-03,31,41,12.7
Kochi,2023-02-03,18,48,12.1
Thiruvananthapuram,2023-02-03,24,55,18.3
Visakhapatnam,2023-02-03,20,59,3.7
Vijayawada,2023-02-03,32,66,1.0
Guwahati,2023-02-03,18,48,10.5
Patna,2023-02-03,30,35,7.6
Ranchi,2023-02-03,13,37,0
Bhubaneswar,2023-02-03,26,42,8.7
Raipur,2023-02-03,29,31,1.8
Chandigarh,2023-02-03,6,49,0
Dehradun,2023-02-03,13,64,3.9
Shimla,2023-02-03,0,67,5.2
Srinagar,2023-02-03,0,39,7.2
Jammu,2023-02-03,1,56,4.8
Goa,2023-02-03,26,72,1.7
Mangalore,2023-02-03,26,67,7.9
Mysore,2023-02-03,21,30,1.7
Pondicherry,2023-02-03,28,68,0.2
Madurai,2023-02-03,20,51,2.8
Mumbai,2023-02-04,25,52,0
Delhi,2023-02-04,14,29,1.9
Chennai,2023-02-04,25,71,15.4
Kolkata,2023-02-04,31,43,16.6
Bengaluru,2023-02-04,30,39,9.1
Hyderabad,2023-02-04,21,20,0.4
Ahmedabad,2023-02-04,28,59,0
Pune,2023-02-04,23,30,2.1
Jaipur,2023-02-04,38,22,1.4
Lucknow,2023-02-04,14,59,3.0
Nagpur,2023-02-04,38,48,4.2
Indore,2023-02-04,21,55,3.4
Bhopal,2023-02-04,8,71,3.0
Surat,2023-02-04,28,38,1.6
Vadodara,2023-02-04,25,44,0.4
Coimbatore,2023-02-04,25,46,7.3
Kochi,2023-02-04,24,60,2.3
Thiruvananthapuram,2023-02-04,22,66,18.4
Visakhapatnam,2023-02-04,18,58,4.3
Vijayawada,2023-02-04,25,26,1.5
Guwahati,2023-02-04,14,59,3.4
Patna,2023-02-04,25,65,1.3
Ranchi,2023-02-04,13,51,1.0
Bhubaneswar,2023-02-04,32,64,6.2
Raipur,2023-02-04,39,41,0.4
Chandigarh,2023-02-04,27,63,0.2
Dehradun,2023-02-04,0,37,0
Shimla,2023-02-04,0,52,5.9
Srinagar,2023-02-04,0,71,7.8
Jammu,2023-02-04,30,35,0
Goa,2023-02-04,21,47,0
Mangalore,2023-02-04,19,49,7.6
Mysore,2023-02-04,14,37,3.9
Pondicherry,2023-02-04,26,70,0
Madurai,2023-02-04,21,75,3.5
Mumbai,2023-02-05,26,67,8.1
Delhi,2023-02-05,34,69,0
Chennai,2023-02-05,32,60,16.4
Kolkata,2023-02-05,31,49,16.4
Bengaluru,2023-02-05,24,31,7.8
Hyderabad,2023-02-05,27,76,7.3
Ahmedabad,2023-02-05,18,50,0.3
Pune,2023-02-05,24,44,0.2
Jaipur,2023-02-05,35,46,1.2
Lucknow,2023-02-05,18,53,3.1
Nagpur,2023-02-05,16,67,1.5
Indore,2023-02-05,32,54,2.4
Bhopal,2023-02-05,15,47,0
Surat,2023-02-05,24,38,1.8
Vadodara,2023-02-05,17,25,2.4
Coimbatore,2023-02-05,27,61,11.2
Kochi,2023-02-05,17,56,8.2
Thiruvananthapuram,2023-02-05,27,69,3.1
Visakhapatnam,2023-02-05,23,72,1.6
Vijayawada,2023-02-05,31,46,5.9
Guwahati,2023-02-05,18,71,5.8
Patna,2023-02-05,10,50,2.2
Ranchi,2023-02-05,8,60,8.1
Bhubaneswar,2023-02-05,21,58,6.5
Raipur,2023-02-05,20,60,0
Chandigarh,2023-02-05,31,20,4.3
Dehradun,2023-02-05,19,68,0
Shimla,2023-02-05,14,46,0.0
Srinagar,2023-02-05,3,32,8.5
Jammu,2023-02-05,13,47,0
Goa,2023-02-05,24,71,0
Mangalore,2023-02-05,21,72,4.7
Mysore,2023-02-05,23,37,0
Pondicherry,2023-02-05,25,40,5.7
Madurai,2023-02-05,33,49,5.0
Mumbai,2023-02-06,18,48,0.7
Delhi,2023-02-06,21,46,2.6
Chennai,2023-02-06,26,64,0
Kolkata,2023-02-06,31,58,20.3
Bengaluru,2023-02-06,17,67,2.1
Hyderabad,2023-02-06,30,53,6.1
Ahmedabad,2023-02-06,35,43,1.8
Pune,2023-02-06,29,43,0
Jaipur,2023-02-06,17,39,1.2
Lucknow,2023-02-06,11,48,3.1
Nagpur,2023-02-06,17,40,2.5
Indore,2023-02-06,11,66,4.1
Bhopal,2023-02-06,15,64,0.5
Surat,2023-02-06,20,59,0
Vadodara,2023-02-06,26,43,0
Coimbatore,2023-02-06,17,25,0.3
Kochi,2023-02-06,23,54,12.1
Thiruvananthapuram,2023-02-06,26,57,10.2
Visakhapatnam,2023-02-06,26,61,0
Vijayawada,2023-02-06,36,48,1.8
Guwahati,2023-02-06,13,72,8.2
Patna,2023-02-06,12,62,3.2
Ranchi,2023-02-06,8,57,1.1
Bhubaneswar,2023-02-06,19,57,10.9
Raipur,2023-02-06,25,78,0
Chandigarh,2023-02-06,32,36,4.1
Dehradun,2023-02-06,4,41,3.0
Shimla,2023-02-06,15,65,2.1
Srinagar,2023-02-06,9,42,8.7
Jammu,2023-02-06,6,55,1.2
Goa,2023-02-06,26,69,3.3
Mangalore,2023-02-06,18,46,0.3
Mysore,2023-02-06,25,68,12.2
Pondicherry,2023-02-06,26,73,5.7
Madurai,2023-02-06,27,47,3.4
Mumbai,2023-02-07,19,44,1.0
Delhi,2023-02-07,17,25,3.1
Chennai,2023-02-07,22,74,2.1
Kolkata,2023-02-07,30,66,2.6
Bengaluru,2023-02-07,20,51,13.0
Hyderabad,2023-02-07,29,34,6.0
Ahmedabad,2023-02-07,23,34,0
Pune,2023-02-07,22,20,0.4
Jaipur,2023-02-07,40,51,1.9
Lucknow,2023-02-07,23,21,0.9
Nagpur,2023-02-07,21,76,1.7
Indore,2023-02-07,21,68,2.1
Bhopal,2023-02-07,29,42,1.9
Surat,2023-02-07,24,45,0
Vadodara,2023-02-07,24,57,0.7
Coimbatore,2023-02-07,16,40,8.9
Kochi,2023-02-07,20,67,14.2
Thiruvananthapuram,2023-02-07,21,52,8.0
Visakhapatnam,2023-02-07,32,68,8.6
Vijayawada,2023-02-07,35,61,2.9
Guwahati,2023-02-07,9,75,1.2
Patna,2023-02-07,29,49,1.7
Ranchi,2023-02-07,9,51,9.0
Bhubaneswar,2023-02-07,36,30,6.9
Raipur,2023-02-07,36,30,4.9
Chandigarh,2023-02-07,33,49,0
Dehradun,2023-02-07,6,27,3.0
Shimla,2023-02-07,8,24,4.5
Srinagar,2023-02-07,0,51,0.7
Jammu,2023-02-07,32,27,2.1
Goa,2023-02-07,26,68,13.9
Mangalore,2023-02-07,18,72,13.7
Mysore,2023-02-07,28,50,10.5
Pondicherry,2023-02-07,27,71,14.0
Madurai,2023-02-07,24,57,5.3
Mumbai,2023-02-08,19,43,0.5
Delhi,2023-02-08,21,27,0
Chennai,2023-02-08,27,65,8.7
Kolkata,2023-02-08,30,49,8.8
Bengaluru,2023-02-08,16,60,6.7
Hyderabad,2023-02-08,17,30,0.7
Ahmedabad,2023-02-08,31,70,0
Pune,2023-02-08,17,47,7.6
Jaipur,2023-02-08,15,43,0.1
Lucknow,2023-02-08,34,28,0.1
Nagpur,2023-02-08,17,70,0.1
Indore,2023-02-08,22,43,1.9
Bhopal,2023-02-08,26,20,1.3
Surat,2023-02-08,30,53,0
Vadodara,2023-02-08,19,43,2.1
Coimbatore,2023-02-08,29,28,0.3
Kochi,2023-02-08,21,64,18.8
Thiruvananthapuram,2023-02-08,20,64,10.2
Visakhapatnam,2023-02-08,28,64,0.6
Vijayawada,2023-02-08,24,36,0
Guwahati,2023-02-08,19,64,10.0
Patna,2023-02-08,23,44,3.8
Ranchi,2023-02-08,28,25,2.7
Bhubaneswar,2023-02-08,19,58,1.1
Raipur,2023-02-08,24,59,4.5
Chandigarh,2023-02-08,15,48,0
Dehradun,2023-02-08,21,67,2.5
Shimla,2023-02-08,0,40,4.7
Srinagar,2023-02-08,12,57,5.0
Jammu,2023-02-08,31,56,0
Goa,2023-02-08,21,69,2.7
Mangalore,2023-02-08,23,49,5.5
Mysore,2023-02-08,21,32,12.3
Pondicherry,2023-02-08,28,53,7.2
Madurai,2023-02-08,31,55,4.6
Mumbai,2023-02-09,29,69,12.5
Delhi,2023-02-09,16,64,0
Chennai,2023-02-09,28,43,13.1
Kolkata,2023-02-09,27,42,24.5
Bengaluru,2023-02-09,24,72,10.4
Hyderabad,2023-02-09,31,50,0.7
Ahmedabad,2023-02-09,19,62,1.0
Pune,2023-02-09,29,51,0.9
Jaipur,2023-02-09,14,42,1.7
Lucknow,2023-02-09,9,32,0
Nagpur,2023-02-09,20,65,0
Indore,2023-02-09,11,38,0.1
Bhopal,2023-02-09,11,33,1.3
Surat,2023-02-09,16,33,4.2
Vadodara,2023-02-09,20,50,3.8
Coimbatore,2023-02-09,27,41,12.1
Kochi,2023-02-09,28,63,0.6
Thiruvananthapuram,2023-02-09,26,72,7.0
Visakhapatnam,2023-02-09,24,74,4.4
Vijayawada,2023-02-09,35,41,9.2
Guwahati,2023-02-09,22,75,2.5
Patna,2023-02-09,19,30,2.5
Ranchi,2023-02-09,17,62,2.9
Bhubaneswar,2023-02-09,26,53,1.5
Raipur,2023-02-09,39,24,2.1
Chandigarh,2023-02-09,32,52,0
Dehradun,2023-02-09,0,25,0.0
Shimla,2023-02-09,0,34,3.6
Srinagar,2023-02-09,4,43,0.5
Jammu,2023-02-09,31,61,2.6
Goa,2023-02-09,20,77,1.3
Mangalore,2023-02-09,15,67,14.5
Mysore,2023-02-09,25,31,2.2
Pondicherry,2023-02-09,24,63,15.4
Madurai,2023-02-09,19,60,3.0
Mumbai,2023-02-10,24,63,10.8
Delhi,2023-02-10,36,22,0.0
Chennai,2023-02-10,21,73,15.2
Kolkata,2023-02-10,21,73,22.2
Bengaluru,2023-02-10,15,29,7.7
Hyderabad,2023-02-10,36,72,1.9
Ahmedabad,2023-02-10,22,55,2.6
Pune,2023-02-10,13,22,5.5
Jaipur,2023-02-10,9,32,0
Lucknow,2023-02-10,18,34,1.9
Nagpur,2023-02-10,28,52,0
Indore,2023-02-10,16,66,0
Bhopal,2023-02-10,15,20,0.7
Surat,2023-02-10,26,67,0
Vadodara,2023-02-10,15,61,0.7
Coimbatore,2023-02-10,28,24,4.1
Kochi,2023-02-10,25,58,5.3
Thiruvananthapuram,2023-02-10,17,65,6.2
Visakhapatnam,2023-02-10,33,66,3.0
Vijayawada,2023-02-10,31,48,7.6
Guwahati,2023-02-10,15,45,11.8
Patna,2023-02-10,20,66,5.9
Ranchi,2023-02-10,22,55,0
Bhubaneswar,2023-02-10,29,61,0
Raipur,2023-02-10,26,70,3.1
Chandigarh,2023-02-10,10,40,0.4
Dehradun,2023-02-10,5,41,2.5
Shimla,2023-02-10,10,58,0
Srinagar,2023-02-10,2,30,7.7
Jammu,2023-02-10,4,49,0
Goa,2023-02-10,23,49,2.3
Mangalore,2023-02-10,17,65,5.3
Mysore,2023-02-10,18,51,10.3
Pondicherry,2023-02-10,19,53,1.8
Madurai,2023-02-10,27,33,6.1
Mumbai,2023-02-11,26,62,3.6
Delhi,2023-02-11,31,29,3.2
Chennai,2023-02-11,23,50,6.5
Kolkata,2023-02-11,22,60,19.2
Bengaluru,2023-02-11,16,40,9.3
Hyderabad,2023-02-11,41,55,0.9
Ahmedabad,2023-02-11,18,21,2.7
Pune,2023-02-11,16,57,2.6
Jaipur,2023-02-11,24,20,3.3
Lucknow,2023-02-11,28,49,0.3
Nagpur,2023-02-11,23,61,2.8
Indore,2023-02-11,28,59,2.6
Bhopal,2023-02-11,18,33,1.6
Surat,2023-02-11,24,39,2.4
Vadodara,2023-02-11,19,35,4.3
Coimbatore,2023-02-11,16,33,14.4
Kochi,2023-02-11,18,54,3.7
Thiruvananthapuram,2023-02-11,20,67,7.1
Visakhapatnam,2023-02-11,31,69,1.5
Vijayawada,2023-02-11,29,40,1.5
Guwahati,2023-02-11,13,54,10.2
Patna,2023-02-11,12,33,6.0
Ranchi,2023-02-11,18,35,0.1
Bhubaneswar,2023-02-11,28,44,7.2
Raipur,2023-02-11,38,65,0
Chandigarh,2023-02-11,14,20,0.3
Dehradun,2023-02-11,10,29,2.2
Shimla,2023-02-11,12,71,5.5
Srinagar,2023-02-11,0,41,0.2
Jammu,2023-02-11,7,21,3.7
Goa,2023-02-11,25,47,9.4
Mangalore,2023-02-11,26,50,6.2
Mysore,2023-02-11,15,36,1.3
Pondicherry,2023-02-11,27,52,0
Madurai,2023-02-11,28,58,9.3
Mumbai,2023-02-12,20,49,3.5
Delhi,2023-02-12,27,63,0.9
Chennai,2023-02-12,27,60,1.5
Kolkata,2023-02-12,28,53,11.6
Bengaluru,2023-02-12,23,72,1.0
Hyderabad,2023-02-12,22,41,4.0
Ahmedabad,2023-02-12,34,31,3.2
Pune,2023-02-12,26,59,2.2
Jaipur,2023-02-12,31,21,0
Lucknow,2023-02-12,24,24,0
Nagpur,2023-02-12,37,65,0
Indore,2023-02-12,19,53,2.7
Bhopal,2023-02-12,17,32,2.5
Surat,2023-02-12,26,53,0
Vadodara,2023-02-12,18,62,0.5
Coimbatore,2023-02-12,31,32,14.5
Kochi,2023-02-12,23,68,3.5
Thiruvananthapuram,2023-02-12,21,54,6.5
Visakhapatnam,2023-02-12,24,57,4.2
Vijayawada,2023-02-12,29,27,8.5
Guwahati,2023-02-12,26,43,5.7
Patna,2023-02-12,11,22,5.4
Ranchi,2023-02-12,23,27,9.7
Bhubaneswar,2023-02-12,20,52,9.4
Raipur,2023-02-12,14,22,5.0
Chandigarh,2023-02-12,35,30,0.8
Dehradun,2023-02-12,2,44,1.1
Shimla,2023-02-12,10,25,5.0
Srinagar,2023-02-12,12,64,8.0
Jammu,2023-02-12,18,46,4.5
Goa,2023-02-12,27,59,2.2
Mangalore,2023-02-12,15,61,1.3
Mysore,2023-02-12,17,24,9.9
Pondicherry,2023-02-12,27,71,4.8
Madurai,2023-02-12,32,50,15.5
Mumbai,2023-02-13,19,65,9.1
Delhi,2023-02-13,27,69,1.9
Chennai,2023-02-13,22,64,2.8
Kolkata,2023-02-13,19,47,12.8
Bengaluru,2023-02-13,25,59,2.8
Hyderabad,2023-02-13,36,35,7.0
Ahmedabad,2023-02-13,28,59,1.2
Pune,2023-02-13,32,23,5.5
Jaipur,2023-02-13,12,20,0
Lucknow,2023-02-13,25,51,3.3
Nagpur,2023-02-13,27,33,1.7
Indore,2023-02-13,24,33,1.1
Bhopal,2023-02-13,10,54,3.7
Surat,2023-02-13,33,31,1.9
Vadodara,2023-02-13,31,28,0.9
Coimbatore,2023-02-13,20,46,12.9
Kochi,2023-02-13,24,62,11.2
Thiruvananthapuram,2023-02-13,21,67,0.1
Visakhapatnam,2023-02-13,22,66,4.2
Vijayawada,2023-02-13,21,61,1.9
Guwahati,2023-02-13,7,47,10.3
Patna,2023-02-13,21,46,1.7
Ranchi,2023-02-13,20,41,2.9
Bhubaneswar,2023-02-13,20,58,10.7
Raipur,2023-02-13,18,42,1.5
Chandigarh,2023-02-13,8,40,0.9
Dehradun,2023-02-13,2,36,1.7
Shimla,2023-02-13,0,27,0.6
Srinagar,2023-02-13,16,74,7.1
Jammu,2023-02-13,20,63,0.1
Goa,2023-02-13,16,72,8.5
Mangalore,2023-02-13,17,50,9.1
Mysore,2023-02-13,27,38,5.5
Pondicherry,2023-02-13,21,66,0
Madurai,2023-02-13,34,66,16.5
Mumbai,2023-02-14,22,53,4.1
Delhi,2023-02-14,20,25,1.4
Chennai,2023-02-14,27,50,17.5
Kolkata,2023-02-14,23,55,0
Bengaluru,2023-02-14,15,68,13.0
Hyderabad,2023-02-14,28,22,5.9
Ahmedabad,2023-02-14,38,57,0
Pune,2023-02-14,30,59,4.6
Jaipur,2023-02-14,37,20,2.1
Lucknow,2023-02-14,16,49,2.1
Nagpur,2023-02-14,23,61,2.3
Indore,2023-02-14,32,35,1.3
Bhopal,2023-02-14,11,26,3.5
Surat,2023-02-14,30,62,1.3
Vadodara,2023-02-14,28,36,0
Coimbatore,2023-02-14,18,42,0.7
Kochi,2023-02-14,27,71,16.7
Thiruvananthapuram,2023-02-14,30,52,13.9
Visakhapatnam,2023-02-14,20,44,0
Vijayawada,2023-02-14,28,49,8.8
Guwahati,2023-02-14,14,57,3.0
Patna,2023-02-14,10,53,3.7
Ranchi,2023-02-14,11,62,0
Bhubaneswar,2023-02-14,18,41,0
Raipur,2023-02-14,29,26,0.9
Chandigarh,2023-02-14,22,20,2.3
Dehradun,2023-02-14,5,65,1.9
Shimla,2023-02-14,3,56,4.3
Srinagar,2023-02-14,0,63,0.0
Jammu,2023-02-14,21,58,1.6
Goa,2023-02-14,24,71,5.5
Mangalore,2023-02-14,20,52,6.9
Mysore,2023-02-14,19,56,1.7
Pondicherry,2023-02-14,19,67,9.9
Madurai,2023-02-14,21,61,8.2
Mumbai,2023-02-15,26,66,12.0
Delhi,2023-02-15,28,36,2.6
Chennai,2023-02-15,28,55,0
Kolkata,2023-02-15,20,53,19.7
Bengaluru,2023-02-15,23,57,9.0
Hyderabad,2023-02-15,29,20,3.6
Ahmedabad,2023-02-15,32,20,1.0
Pune,2023-02-15,16,29,4.7
Jaipur,2023-02-15,33,30,2.1
Lucknow,2023-02-15,31,22,0
Nagpur,2023-02-15,25,63,0.8
Indore,2023-02-15,14,30,0
Bhopal,2023-02-15,25,20,2.5
Surat,2023-02-15,28,48,2.3
Vadodara,2023-02-15,24,71,1.1
Coimbatore,2023-02-15,19,29,0
Kochi,2023-02-15,19,77,13.8
Thiruvananthapuram,2023-02-15,29,66,7.3
Visakhapatnam,2023-02-15,21,68,5.0
Vijayawada,2023-02-15,29,38,7.4
Guwahati,2023-02-15,14,62,6.3
Patna,2023-02-15,25,58,0.1
Ranchi,2023-02-15,26,49,2.1
Bhubaneswar,2023-02-15,16,47,0.1
Raipur,2023-02-15,29,59,0.7
Chandigarh,2023-02-15,15,40,1.8
Dehradun,2023-02-15,6,46,0
Shimla,2023-02-15,0,66,3.3
Srinagar,2023-02-15,0,62,0.6
Jammu,2023-02-15,17,62,0
Goa,2023-02-15,19,72,9.3
Mangalore,2023-02-15,14,56,0
Mysore,2023-02-15,17,54,6.6
Pondicherry,2023-02-15,21,68,15.1
Madurai,2023-02-15,29,62,16.9
Mumbai,2023-02-16,20,61,7.3
Delhi,2023-02-16,29,68,0
Chennai,2023-02-16,30,58,14.2
Kolkata,2023-02-16,15,68,9.3
Bengaluru,2023-02-16,25,45,11.4
Hyderabad,2023-02-16,37,35,1.9
Ahmedabad,2023-02-16,22,51,3.4
Pune,2023-02-16,20,72,2.4
Jaipur,2023-02-16,33,37,1.5
Lucknow,2023-02-16,21,22,0.9
Nagpur,2023-02-16,29,48,1.6
Indore,2023-02-16,21,62,3.7
Bhopal,2023-02-16,12,66,0.5
Surat,2023-02-16,19,36,1.1
Vadodara,2023-02-16,20,27,2.1
Coimbatore,2023-02-16,19,68,7.7
Kochi,2023-02-16,28,52,13.1
Thiruvananthapuram,2023-02-16,21,67,16.0
Visakhapatnam,2023-02-16,34,65,1.8
Vijayawada,2023-02-16,33,46,4.2
Guwahati,2023-02-16,23,45,7.5
Patna,2023-02-16,11,27,4.0
Ranchi,2023-02-16,21,76,2.4
Bhubaneswar,2023-02-16,27,38,0.4
Raipur,2023-02-16,20,47,2.2
Chandigarh,2023-02-16,7,57,0
Dehradun,2023-02-16,0,66,3.2
Shimla,2023-02-16,0,63,8.3
Srinagar,2023-02-16,0,24,9.5
Jammu,2023-02-16,7,34,1.7
Goa,2023-02-16,28,64,0
Mangalore,2023-02-16,23,54,3.7
Mysore,2023-02-16,25,46,1.5
Pondicherry,2023-02-16,23,69,9.2
Madurai,2023-02-16,32,40,8.4
Mumbai,2023-02-17,30,61,1.4
Delhi,2023-02-17,37,38,0.2
Chennai,2023-02-17,30,75,0.2
Kolkata,2023-02-17,20,55,16.2
Bengaluru,2023-02-17,24,38,7.5
Hyderabad,2023-02-17,28,42,0
Ahmedabad,2023-02-17,37,51,0
Pune,2023-02-17,22,31,2.4
Jaipur,2023-02-17,12,27,2.7
Lucknow,2023-02-17,39,30,3.5
Nagpur,2023-02-17,15,57,0.7
Indore,2023-02-17,21,35,0
Bhopal,2023-02-17,16,43,0.8
Surat,2023-02-17,26,68,2.2
Vadodara,2023-02-17,27,63,3.9
Coimbatore,2023-02-17,23,52,1.6
Kochi,2023-02-17,21,48,2.9
Thiruvananthapuram,2023-02-17,19,55,2.5
Visakhapatnam,2023-02-17,28,40,5.8
Vijayawada,2023-02-17,33,68,3.3
Guwahati,2023-02-17,20,73,2.7
Patna,2023-02-17,20,49,5.2
Ranchi,2023-02-17,33,22,5.4
Bhubaneswar,2023-02-17,21,43,8.4
Raipur,2023-02-17,35,22,0.3
Chandigarh,2023-02-17,12,28,1.1
Dehradun,2023-02-17,8,33,3.6
Shimla,2023-02-17,0,43,1.3
Srinagar,2023-02-17,0,74,3.6
Jammu,2023-02-17,2,35,3.5
Goa,2023-02-17,13,65,11.0
Mangalore,2023-02-17,27,72,14.5
Mysore,2023-02-17,23,56,0.2
Pondicherry,2023-02-17,25,49,15.0
Madurai,2023-02-17,24,65,10.6
Mumbai,2023-02-18,30,61,7.4
Delhi,2023-02-18,17,29,0
Chennai,2023-02-18,26,52,13.8
Kolkata,2023-02-18,28,48,21.2
Bengaluru,2023-02-18,19,53,0.5
Hyderabad,2023-02-18,21,28,4.4
Ahmedabad,2023-02-18,23,64,0
Pune,2023-02-18,31,41,5.7
Jaipur,2023-02-18,18,25,0.1
Lucknow,2023-02-18,26,56,1.5
Nagpur,2023-02-18,18,38,0
Indore,2023-02-18,19,26,1.2
Bhopal,2023-02-18,36,51,0
Surat,2023-02-18,32,49,3.0
Vadodara,2023-02-18,22,53,0.7
Coimbatore,2023-02-18,28,39,4.5
Kochi,2023-02-18,25,66,13.4
Thiruvananthapuram,2023-02-18,21,77,10.4
Visakhapatnam,2023-02-18,31,70,8.7
Vijayawada,2023-02-18,36,26,4.7
Guwahati,2023-02-18,29,66,0.8
Patna,2023-02-18,20,32,0.7
Ranchi,2023-02-18,31,42,5.5
Bhubaneswar,2023-02-18,17,57,10.2
Raipur,2023-02-18,18,23,0.2
Chandigarh,2023-02-18,13,32,4.1
Dehradun,2023-02-18,12,32,0.6
Shimla,2023-02-18,4,59,6.8
Srinagar,2023-02-18,13,61,0
Jammu,2023-02-18,4,34,2.0
Goa,2023-02-18,30,66,13.6
Mangalore,2023-02-18,25,57,10.6
Mysore,2023-02-18,26,28,3.2
Pondicherry,2023-02-18,23,76,7.8
Madurai,2023-02-18,21,33,10.6
Mumbai,2023-02-19,29,65,3.4
Delhi,2023-02-19,26,27,3.2
Chennai,2023-02-19,23,60,14.6
Kolkata,2023-02-19,30,51,21.7
Bengaluru,2023-02-19,23,71,0
Hyderabad,2023-02-19,22,45,5.7
Ahmedabad,2023-02-19,20,34,2.4
Pune,2023-02-19,19,35,5.5
Jaipur,2023-02-19,33,65,0
Lucknow,2023-02-19,15,41,2.5
Nagpur,2023-02-19,36,21,1.6
Indore,2023-02-19,29,20,1.4
Bhopal,2023-02-19,33,36,0.6
Surat,2023-02-19,22,50,0.1
Vadodara,2023-02-19,20,20,4.2
Coimbatore,2023-02-19,23,54,6.7
Kochi,2023-02-19,21,69,4.8
Thiruvananthapuram,2023-02-19,21,71,8.7
Visakhapatnam,2023-02-19,23,54,0
Vijayawada,2023-02-19,34,52,8.3
Guwahati,2023-02-19,28,74,8.0
Patna,2023-02-19,10,77,2.7
Ranchi,2023-02-19,11,47,0
Bhubaneswar,2023-02-19,23,45,7.9
Raipur,2023-02-19,21,48,0
Chandigarh,2023-02-19,22,63,2.3
Dehradun,2023-02-19,17,76,1.9
Shimla,2023-02-19,14,51,8.0
Srinagar,2023-02-19,0,23,9.8
Jammu,2023-02-19,30,71,3.8
Goa,2023-02-19,27,65,5.0
Mangalore,2023-02-19,18,48,0.6
Mysore,2023-02-19,22,45,3.4
Pondicherry,2023-02-19,26,45,11.9
Madurai,2023-02-19,27,48,5.5
Mumbai,2023-02-20,29,50,8.5
Delhi,2023-02-20,23,35,0.1
Chennai,2023-02-20,36,48,10.5
Kolkata,2023-02-20,23,72,8.2
Bengaluru,2023-02-20,22,75,10.8
Hyderabad,2023-02-20,39,24,1.6
Ahmedabad,2023-02-20,28,66,0
Pune,2023-02-20,26,43,0.6
Jaipur,2023-02-20,11,41,2.1
Lucknow,2023-02-20,11,76,0
Nagpur,2023-02-20,13,33,0
Indore,2023-02-20,31,68,0.6
Bhopal,2023-02-20,21,40,0.2
Surat,2023-02-20,18,29,0.8
Vadodara,2023-02-20,27,70,3.3
Coimbatore,2023-02-20,18,27,3.1
Kochi,2023-02-20,19,57,18.1
Thiruvananthapuram,2023-02-20,24,63,0.4
Visakhapatnam,2023-02-20,28,64,9.4
Vijayawada,2023-02-20,24,57,5.6
Guwahati,2023-02-20,21,65,0
Patna,2023-02-20,32,52,0.2
Ranchi,2023-02-20,21,71,2.3
Bhubaneswar,2023-02-20,32,52,0
Raipur,2023-02-20,20,20,4.4
Chandigarh,2023-02-20,20,59,0.6
Dehradun,2023-02-20,1,31,0
Shimla,2023-02-20,12,23,0.1
Srinagar,2023-02-20,0,48,0.2
Jammu,2023-02-20,9,71,2.8
Goa,2023-02-20,24,67,0
Mangalore,2023-02-20,15,60,0
Mysore,2023-02-20,19,35,11.0
Pondicherry,2023-02-20,19,55,5.3
Madurai,2023-02-20,27,36,2.9
Mumbai,2023-02-21,20,67,9.8
Delhi,2023-02-21,35,58,0.9
Chennai,2023-02-21,22,57,17.6
Kolkata,2023-02-21,30,67,12.3
Bengaluru,2023-02-21,19,49,0.4
Hyderabad,2023-02-21,24,71,0
Ahmedabad,2023-02-21,34,22,2.5
Pune,2023-02-21,17,61,0.9
Jaipur,2023-02-21,25,55,0
Lucknow,2023-02-21,27,35,0
Nagpur,2023-02-21,15,52,0.9
Indore,2023-02-21,24,27,0
Bhopal,2023-02-21,34,20,0.2
Surat,2023-02-21,29,62,0.8
Vadodara,2023-02-21,24,44,0
Coimbatore,2023-02-21,17,60,8.9
Kochi,2023-02-21,21,59,13.3
Thiruvananthapuram,2023-02-21,27,65,14.9
Visakhapatnam,2023-02-21,23,59,0.8
Vijayawada,2023-02-21,33,72,6.6
Guwahati,2023-02-21,15,62,2.2
Patna,2023-02-21,24,36,3.1
Ranchi,2023-02-21,32,75,4.6
Bhubaneswar,2023-02-21,28,37,8.5
Raipur,2023-02-21,17,31,0.4
Chandigarh,2023-02-21,26,36,1.4
Dehradun,2023-02-21,0,25,0.0
Shimla,2023-02-21,0,41,0
Srinagar,2023-02-21,0,39,5.2
Jammu,2023-02-21,20,68,2.5
Goa,2023-02-21,19,67,8.2
Mangalore,2023-02-21,25,49,5.5
Mysore,2023-02-21,25,30,3.3
Pondicherry,2023-02-21,19,66,14.8
Madurai,2023-02-21,28,44,0
Mumbai,2023-02-22,28,45,12.5
Delhi,2023-02-22,21,42,2.9
Chennai,2023-02-22,21,53,2.9
Kolkata,2023-02-22,30,60,0
Bengaluru,2023-02-22,25,31,2.4
Hyderabad,2023-02-22,25,57,1.8
Ahmedabad,2023-02-22,33,58,1.1
Pune,2023-02-22,28,20,6.0
Jaipur,2023-02-22,38,52,0.3
Lucknow,2023-02-22,30,20,0.8
Nagpur,2023-02-22,21,42,1.3
Indore,2023-02-22,34,61,4.5
Bhopal,2023-02-22,15,70,0
Surat,2023-02-22,28,25,1.5
Vadodara,2023-02-22,16,36,0.3
Coimbatore,2023-02-22,17,25,11.1
Kochi,2023-02-22,27,54,2.2
Thiruvananthapuram,2023-02-22,26,47,5.7
Visakhapatnam,2023-02-22,26,49,0.1
Vijayawada,2023-02-22,28,33,0.4
Guwahati,2023-02-22,18,46,0.8
Patna,2023-02-22,32,66,0.8
Ranchi,2023-02-22,25,54,3.3
Bhubaneswar,2023-02-22,23,40,0
Raipur,2023-02-22,25,61,2.6
Chandigarh,2023-02-22,12,45,0.4
Dehradun,2023-02-22,11,54,1.1
Shimla,2023-02-22,17,36,2.1
Srinagar,2023-02-22,18,63,11.9
Jammu,2023-02-22,31,38,1.5
Goa,2023-02-22,25,69,4.3
Mangalore,2023-02-22,15,60,5.4
Mysore,2023-02-22,15,60,3.9
Pondicherry,2023-02-22,28,52,11.6
Madurai,2023-02-22,32,62,4.1
Mumbai,2023-02-23,29,51,3.4
Delhi,2023-02-23,35,62,4.1
Chennai,2023-02-23,31,49,9.8
Kolkata,2023-02-23,22,53,19.8
Bengaluru,2023-02-23,27,48,8.0
Hyderabad,2023-02-23,17,23,2.1
Ahmedabad,2023-02-23,20,54,0
Pune,2023-02-23,15,73,3.3
Jaipur,2023-02-23,25,42,3.3
Lucknow,2023-02-23,12,53,0
Nagpur,2023-02-23,27,41,2.5
Indore,2023-02-23,17,57,1.5
Bhopal,2023-02-23,16,36,0
Surat,2023-02-23,19,53,0
Vadodara,2023-02-23,18,63,2.4
Coimbatore,2023-02-23,23,41,6.9
Kochi,2023-02-23,22,56,11.0
Thiruvananthapuram,2023-02-23,23,48,10.8
Visakhapatnam,2023-02-23,21,54,8.4
Vijayawada,2023-02-23,20,59,1.4
Guwahati,2023-02-23,9,68,4.1
Patna,2023-02-23,24,38,2.7
Ranchi,2023-02-23,15,42,0.7
Bhubaneswar,2023-02-23,19,39,4.0
Raipur,2023-02-23,27,20,0
Chandigarh,2023-02-23,27,51,4.1
Dehradun,2023-02-23,0,36,1.9
Shimla,2023-02-23,4,53,1.3
Srinagar,2023-02-23,8,64,7.4
Jammu,2023-02-23,10,32,5.1
Goa,2023-02-23,27,70,0.1
Mangalore,2023-02-23,29,56,13.1
Mysore,2023-02-23,16,42,7.6
Pondicherry,2023-02-23,22,67,4.8
Madurai,2023-02-23,23,44,2.4
Mumbai,2023-02-24,30,65,6.4
Delhi,2023-02-24,17,34,0.9
Chennai,2023-02-24,22,68,11.2
Kolkata,2023-02-24,22,56,4.1
Bengaluru,2023-02-24,15,52,4.8
Hyderabad,2023-02-24,18,20,0
Ahmedabad,2023-02-24,20,45,2.4
Pune,2023-02-24,35,42,1.7
Jaipur,2023-02-24,21,60,1.2
Lucknow,2023-02-24,14,20,3.9
Nagpur,2023-02-24,17,54,1.5
Indore,2023-02-24,19,32,0.1
Bhopal,2023-02-24,31,33,0
Surat,2023-02-24,15,66,0
Vadodara,2023-02-24,15,43,2.1
Coimbatore,2023-02-24,25,34,12.1
Kochi,2023-02-24,21,69,0
Thiruvananthapuram,2023-02-24,21,42,9.4
Visakhapatnam,2023-02-24,31,71,3.2
Vijayawada,2023-02-24,31,64,4.0
Guwahati,2023-02-24,26,67,0
Patna,2023-02-24,30,45,4.5
Ranchi,2023-02-24,22,51,5.8
Bhubaneswar,2023-02-24,30,38,4.7
Raipur,2023-02-24,27,42,2.4
Chandigarh,2023-02-24,10,53,2.3
Dehradun,2023-02-24,0,71,1.4
Shimla,2023-02-24,0,56,2.5
Srinagar,2023-02-24,0,41,7.4
Jammu,2023-02-24,31,75,3.9
Goa,2023-02-24,19,58,8.9
Mangalore,2023-02-24,17,65,7.6
Mysore,2023-02-24,13,46,10.8
Pondicherry,2023-02-24,31,64,5.1
Madurai,2023-02-24,26,54,11.7
Mumbai,2023-02-25,31,58,10.3
Delhi,2023-02-25,33,73,0.4
Chennai,2023-02-25,22,61,0
Kolkata,2023-02-25,24,58,2.5
Bengaluru,2023-02-25,15,35,0.6
Hyderabad,2023-02-25,38,69,3.3
Ahmedabad,2023-02-25,37,68,2.8
Pune,2023-02-25,31,68,2.9
Jaipur,2023-02-25,20,20,2.2
Lucknow,2023-02-25,22,51,1.6
Nagpur,2023-02-25,25,20,2.2
Indore,2023-02-25,28,69,2.3
Bhopal,2023-02-25,23,57,0.5
Surat,2023-02-25,23,58,1.0
Vadodara,2023-02-25,24,57,4.1
Coimbatore,2023-02-25,24,50,5.1
Kochi,2023-02-25,22,64,16.1
Thiruvananthapuram,2023-02-25,22,73,11.1
Visakhapatnam,2023-02-25,21,63,2.2
Vijayawada,2023-02-25,26,27,4.1
Guwahati,2023-02-25,24,69,11.6
Patna,2023-02-25,23,39,7.4
Ranchi,2023-02-25,29,59,8.3
Bhubaneswar,2023-02-25,26,65,3.7
Raipur,2023-02-25,28,61,1.7
Chandigarh,2023-02-25,28,20,3.4
Dehradun,2023-02-25,2,68,2.3
Shimla,2023-02-25,0,54,9.4
Srinagar,2023-02-25,4,51,4.9
Jammu,2023-02-25,14,73,1.3
Goa,2023-02-25,21,61,7.9
Mangalore,2023-02-25,22,56,14.8
Mysore,2023-02-25,28,61,3.4
Pondicherry,2023-02-25,27,61,3.2
Madurai,2023-02-25,27,69,17.7
Mumbai,2023-02-26,26,61,6.0
Delhi,2023-02-26,31,36,2.0
Chennai,2023-02-26,20,64,3.3
Kolkata,2023-02-26,23,61,5.6
Bengaluru,2023-02-26,20,69,3.5
Hyderabad,2023-02-26,26,22,4.8
Ahmedabad,2023-02-26,24,24,1.8
Pune,2023-02-26,24,54,4.7
Jaipur,2023-02-26,14,45,0
Lucknow,2023-02-26,29,60,0.9
Nagpur,2023-02-26,17,37,4.5
Indore,2023-02-26,22,20,2.0
Bhopal,2023-02-26,24,73,0
Surat,2023-02-26,20,58,2.4
Vadodara,2023-02-26,24,65,0
Coimbatore,2023-02-26,19,51,0.4
Kochi,2023-02-26,25,57,0.4
Thiruvananthapuram,2023-02-26,24,49,2.6
Visakhapatnam,2023-02-26,28,73,0.8
Vijayawada,2023-02-26,39,67,6.7
Guwahati,2023-02-26,24,66,8.7
Patna,2023-02-26,11,31,6.0
Ranchi,2023-02-26,33,72,4.0
Bhubaneswar,2023-02-26,29,68,6.0
Raipur,2023-02-26,23,20,4.4
Chandigarh,2023-02-26,30,52,2.2
Dehradun,2023-02-26,14,66,3.3
Shimla,2023-02-26,0,37,8.7
Srinagar,2023-02-26,4,35,7.2
Jammu,2023-02-26,2,58,0.5
Goa,2023-02-26,18,74,2.5
Mangalore,2023-02-26,23,52,5.3
Mysore,2023-02-26,16,28,5.5
Pondicherry,2023-02-26,24,71,5.5
Madurai,2023-02-26,24,48,17.5
Mumbai,2023-02-27,28,64,11.2
Delhi,2023-02-27,34,56,3.1
Chennai,2023-02-27,27,55,17.5
Kolkata,2023-02-27,16,45,2.1
Bengaluru,2023-02-27,19,25,12.0
Hyderabad,2023-02-27,31,70,2.8
Ahmedabad,2023-02-27,20,48,2.9
Pune,2023-02-27,31,70,6.0
Jaipur,2023-02-27,21,20,2.4
Lucknow,2023-02-27,21,26,0
Nagpur,2023-02-27,25,22,1.1
Indore,2023-02-27,17,54,0.9
Bhopal,2023-02-27,23,40,3.2
Surat,2023-02-27,28,33,3.7
Vadodara,2023-02-27,21,47,2.2
Coimbatore,2023-02-27,22,67,4.5
Kochi,2023-02-27,24,74,9.5
Thiruvananthapuram,2023-02-27,28,69,14.0
Visakhapatnam,2023-02-27,18,53,7.8
Vijayawada,2023-02-27,20,54,5.4
Guwahati,2023-02-27,16,53,4.9
Patna,2023-02-27,25,40,0
Ranchi,2023-02-27,16,48,7.4
Bhubaneswar,2023-02-27,30,36,0
Raipur,2023-02-27,40,22,0
Chandigarh,2023-02-27,30,67,0.2
Dehradun,2023-02-27,17,68,0.3
Shimla,2023-02-27,0,43,0.1
Srinagar,2023-02-27,14,34,9.3
Jammu,2023-02-27,18,33,4.3
Goa,2023-02-27,16,50,0
Mangalore,2023-02-27,28,60,6.9
Mysore,2023-02-27,15,41,7.0
Pondicherry,2023-02-27,27,50,5.2
Madurai,2023-02-27,32,40,10.6
Mumbai,2023-02-28,31,64,4.3
Delhi,2023-02-28,36,51,3.2
Chennai,2023-02-28,22,68,8.2
Kolkata,2023-02-28,31,73,5.9
Bengaluru,2023-02-28,17,47,4.6
Hyderabad,2023-02-28,35,55,4.1
Ahmedabad,2023-02-28,26,47,0
Pune,2023-02-28,30,29,3.3
Jaipur,2023-02-28,17,20,3.0
Lucknow,2023-02-28,13,22,2.9
Nagpur,2023-02-28,30,33,0.4
Indore,2023-02-28,30,71,3.7
Bhopal,2023-02-28,30,20,0
Surat,2023-02-28,34,35,3.1
Vadodara,2023-02-28,30,34,3.6
Coimbatore,2023-02-28,28,39,5.9
Kochi,2023-02-28,23,60,13.0
Thiruvananthapuram,2023-02-28,26,64,0
Visakhapatnam,2023-02-28,23,66,5.4
Vijayawada,2023-02-28,23,22,4.0
Guwahati,2023-02-28,17,72,3.9
Patna,2023-02-28,14,67,0
Ranchi,2023-02-28,26,24,2.6
Bhubaneswar,2023-02-28,25,61,1.0
Raipur,2023-02-28,30,29,1.8
Chandigarh,2023-02-28,15,27,2.9
Dehradun,2023-02-28,0,71,1.0
Shimla,2023-02-28,8,60,8.5
Srinagar,2023-02-28,6,51,0.9
Jammu,2023-02-28,26,43,0
Goa,2023-02-28,18,50,2.4
Mangalore,2023-02-28,18,60,14.6
Mysore,2023-02-28,23,41,5.6
Pondicherry,2023-02-28,25,43,12.1
Madurai,2023-02-28,31,34,0
Mumbai,2023-03-01,32,81,15.1
Delhi,2023-03-01,44,89,2.8
Chennai,2023-03-01,27,81,6.4
Kolkata,2023-03-01,26,65,20.5
Bengaluru,2023-03-01,24,71,9.1
Hyderabad,2023-03-01,30,85,1.8
Ahmedabad,2023-03-01,36,28,3.2
Pune,2023-03-01,23,91,1.2
Jaipur,2023-03-01,42,46,2.4
Lucknow,2023-03-01,20,36,2.7
Nagpur,2023-03-01,36,79,6.3
Indore,2023-03-01,32,44,0.6
Bhopal,2023-03-01,36,84,4.6
Surat,2023-03-01,33,78,2.5
Vadodara,2023-03-01,34,62,5.6
Coimbatore,2023-03-01,31,62,3.1
Kochi,2023-03-01,31,86,7.5
Thiruvananthapuram,2023-03-01,28,81,12.7
Visakhapatnam,2023-03-01,30,84,8.2
Vijayawada,2023-03-01,27,41,10.7
Guwahati,2023-03-01,24,82,6.7
Patna,2023-03-01,28,89,4.2
Ranchi,2023-03-01,26,48,4.2
Bhubaneswar,2023-03-01,35,71,8.1
Raipur,2023-03-01,37,89,3.0
Chandigarh,2023-03-01,28,57,3.4
Dehradun,2023-03-01,9,82,2.7
Shimla,2023-03-01,22,68,3.7
Srinagar,2023-03-01,12,54,8.8
Jammu,2023-03-01,37,56,4.3
Goa,2023-03-01,35,60,13.9
Mangalore,2023-03-01,31,82,12.7
Mysore,2023-03-01,33,67,9.3
Pondicherry,2023-03-01,33,71,9.4
Madurai,2023-03-01,36,86,7.3
Mumbai,2023-03-02,37,79,3.0
Delhi,2023-03-02,39,74,2.1
Chennai,2023-03-02,35,82,12.5
Kolkata,2023-03-02,22,71,22.6
Bengaluru,2023-03-02,26,71,2.3
Hyderabad,2023-03-02,31,34,8.0
Ahmedabad,2023-03-02,36,62,3.3
Pune,2023-03-02,34,40,6.6
Jaipur,2023-03-02,42,25,2.3
Lucknow,2023-03-02,36,80,2.9
Nagpur,2023-03-02,34,72,5.6
Indore,2023-03-02,21,62,4.0
Bhopal,2023-03-02,40,34,3.5
Surat,2023-03-02,36,72,1.2
Vadodara,2023-03-02,29,50,5.3
Coimbatore,2023-03-02,25,51,10.8
Kochi,2023-03-02,31,63,8.0
Thiruvananthapuram,2023-03-02,32,62,10.9
Visakhapatnam,2023-03-02,38,63,2.4
Vijayawada,2023-03-02,36,59,10.4
Guwahati,2023-03-02,26,86,7.7
Patna,2023-03-02,28,71,5.8
Ranchi,2023-03-02,35,72,9.1
Bhubaneswar,2023-03-02,42,88,2.5
Raipur,2023-03-02,31,85,0.1
Chandigarh,2023-03-02,35,34,1.4
Dehradun,2023-03-02,16,71,4.3
Shimla,2023-03-02,17,81,2.6
Srinagar,2023-03-02,28,65,7.8
Jammu,2023-03-02,36,41,3.8
Goa,2023-03-02,29,86,11.6
Mangalore,2023-03-02,35,78,4.6
Mysore,2023-03-02,34,53,7.4
Pondicherry,2023-03-02,37,76,8.3
Madurai,2023-03-02,34,87,13.6
Mumbai,2023-03-03,36,75,4.1
Delhi,2023-03-03,41,41,2.5
Chennai,2023-03-03,30,74,8.4
Kolkata,2023-03-03,27,68,21.3
Bengaluru,2023-03-03,22,45,12.2
Hyderabad,2023-03-03,32,27,7.1
Ahmedabad,2023-03-03,45,62,3.2
Pune,2023-03-03,27,29,3.6
Jaipur,2023-03-03,24,38,2.6
Lucknow,2023-03-03,26,74,5.6
Nagpur,2023-03-03,30,56,6.0
Indore,2023-03-03,19,88,1.9
Bhopal,2023-03-03,19,36,3.8
Surat,2023-03-03,32,53,1.0
Vadodara,2023-03-03,39,82,5.8
Coimbatore,2023-03-03,32,77,7.7
Kochi,2023-03-03,32,74,6.8
Thiruvananthapuram,2023-03-03,31,66,16.2
Visakhapatnam,2023-03-03,34,82,1.6
Vijayawada,2023-03-03,43,84,8.3
Guwahati,2023-03-03,23,86,13.5
Patna,2023-03-03,40,47,4.9
Ranchi,2023-03-03,34,76,2.3
Bhubaneswar,2023-03-03,27,68,2.2
Raipur,2023-03-03,38,50,1.3
Chandigarh,2023-03-03,13,33,1.3
Dehradun,2023-03-03,16,58,1.3
Shimla,2023-03-03,10,83,5.1
Srinagar,2023-03-03,16,73,10.1
Jammu,2023-03-03,5,67,1.7
Goa,2023-03-03,32,62,2.0
Mangalore,2023-03-03,30,78,9.0
Mysore,2023-03-03,26,55,7.5
Pondicherry,2023-03-03,27,59,12.5
Madurai,2023-03-03,40,87,8.8
Mumbai,2023-03-04,32,62,9.1
Delhi,2023-03-04,45,48,4.9
Chennai,2023-03-04,41,70,15.8
Kolkata,2023-03-04,23,72,20.7
Bengaluru,2023-03-04,25,77,1.9
Hyderabad,2023-03-04,43,30,7.4
Ahmedabad,2023-03-04,34,83,1.6
Pune,2023-03-04,35,43,5.9
Jaipur,2023-03-04,29,76,1.8
Lucknow,2023-03-04,35,34,4.3
Nagpur,2023-03-04,45,87,6.3
Indore,2023-03-04,33,69,3.3
Bhopal,2023-03-04,29,51,5.3
Surat,2023-03-04,40,42,2.3
Vadodara,2023-03-04,33,52,3.5
Coimbatore,2023-03-04,21,45,2.8
Kochi,2023-03-04,34,84,6.4
Thiruvananthapuram,2023-03-04,30,76,17.1
Visakhapatnam,2023-03-04,36,70,11.1
Vijayawada,2023-03-04,32,51,1.4
Guwahati,2023-03-04,27,57,3.9
Patna,2023-03-04,40,82,2.9
Ranchi,2023-03-04,27,64,6.0
Bhubaneswar,2023-03-04,39,82,8.0
Raipur,2023-03-04,24,88,4.2
Chandigarh,2023-03-04,27,40,3.8
Dehradun,2023-03-04,23,45,2.6
Shimla,2023-03-04,27,69,7.8
Srinagar,2023-03-04,4,63,12.5
Jammu,2023-03-04,18,62,0.8
Goa,2023-03-04,31,80,8.0
Mangalore,2023-03-04,33,84,7.6
Mysore,2023-03-04,32,72,5.6
Pondicherry,2023-03-04,30,78,1.4
Madurai,2023-03-04,37,69,16.0
Mumbai,2023-03-05,36,69,8.1
Delhi,2023-03-05,36,89,0
Chennai,2023-03-05,30,70,7.2
Kolkata,2023-03-05,24,64,20.5
Bengaluru,2023-03-05,34,58,9.7
Hyderabad,2023-03-05,28,84,1.1
Ahmedabad,2023-03-05,30,29,1.6
Pune,2023-03-05,31,57,1.3
Jaipur,2023-03-05,33,26,3.6
Lucknow,2023-03-05,43,79,4.6
Nagpur,2023-03-05,39,40,1.4
Indore,2023-03-05,31,42,5.0
Bhopal,2023-03-05,17,67,5.3
Surat,2023-03-05,22,63,1.1
Vadodara,2023-03-05,27,54,2.5
Coimbatore,2023-03-05,32,41,14.5
Kochi,2023-03-05,32,61,9.5
Thiruvananthapuram,2023-03-05,29,73,10.5
Visakhapatnam,2023-03-05,31,85,9.0
Vijayawada,2023-03-05,35,85,7.5
Guwahati,2023-03-05,21,87,9.9
Patna,2023-03-05,36,81,7.9
Ranchi,2023-03-05,19,59,3.3
Bhubaneswar,2023-03-05,29,67,2.3
Raipur,2023-03-05,32,53,4.5
Chandigarh,2023-03-05,12,69,0.2
Dehradun,2023-03-05,14,89,4.4
Shimla,2023-03-05,5,73,8.3
Srinagar,2023-03-05,5,49,7.3
Jammu,2023-03-05,25,72,2.3
Goa,2023-03-05,23,56,11.3
Mangalore,2023-03-05,30,68,3.4
Mysore,2023-03-05,32,47,5.4
Pondicherry,2023-03-05,28,77,13.2
Madurai,2023-03-05,28,62,6.4
Mumbai,2023-03-06,39,80,9.9
Delhi,2023-03-06,25,54,4.9
Chennai,2023-03-06,34,88,16.4
Kolkata,2023-03-06,35,85,12.2
Bengaluru,2023-03-06,34,55,13.9
Hyderabad,2023-03-06,25,45,2.6
Ahmedabad,2023-03-06,24,91,5.5
Pune,2023-03-06,26,71,1.4
Jaipur,2023-03-06,44,58,3.2
Lucknow,2023-03-06,44,34,2.3
Nagpur,2023-03-06,45,76,5.1
Indore,2023-03-06,31,43,0.8
Bhopal,2023-03-06,24,77,2.7
Surat,2023-03-06,32,50,2.9
Vadodara,2023-03-06,29,81,3.1
Coimbatore,2023-03-06,27,65,15.9
Kochi,2023-03-06,34,73,6.0
Thiruvananthapuram,2023-03-06,35,74,6.5
Visakhapatnam,2023-03-06,42,71,8.1
Vijayawada,2023-03-06,42,75,5.8
Guwahati,2023-03-06,16,79,3.3
Patna,2023-03-06,25,64,0.9
Ranchi,2023-03-06,29,63,3.9
Bhubaneswar,2023-03-06,31,73,5.2
Raipur,2023-03-06,42,36,6.1
Chandigarh,2023-03-06,33,68,4.1
Dehradun,2023-03-06,25,61,2.2
Shimla,2023-03-06,7,65,9.6
Srinagar,2023-03-06,27,47,7.5
Jammu,2023-03-06,39,45,4.7
Goa,2023-03-06,35,83,10.2
Mangalore,2023-03-06,30,86,11.8
Mysore,2023-03-06,34,45,0.3
Pondicherry,2023-03-06,30,58,5.7
Madurai,2023-03-06,34,77,9.9
Mumbai,2023-03-07,37,75,0.4
Delhi,2023-03-07,33,86,3.2
Chennai,2023-03-07,39,68,19.7
Kolkata,2023-03-07,21,85,25.3
Bengaluru,2023-03-07,34,65,5.3
Hyderabad,2023-03-07,23,84,5.9
Ahmedabad,2023-03-07,45,60,6.3
Pune,2023-03-07,31,60,1.9
Jaipur,2023-03-07,33,30,2.3
Lucknow,2023-03-07,38,39,4.2
Nagpur,2023-03-07,39,55,4.6
Indore,2023-03-07,34,62,2.9
Bhopal,2023-03-07,24,52,4.8
Surat,2023-03-07,33,64,0.8
Vadodara,2023-03-07,38,64,1.2
Coimbatore,2023-03-07,21,61,3.5
Kochi,2023-03-07,35,88,14.2
Thiruvananthapuram,2023-03-07,29,84,6.9
Visakhapatnam,2023-03-07,27,78,5.8
Vijayawada,2023-03-07,37,73,5.1
Guwahati,2023-03-07,20,59,9.8
Patna,2023-03-07,26,65,1.4
Ranchi,2023-03-07,39,66,3.6
Bhubaneswar,2023-03-07,38,80,4.6
Raipur,2023-03-07,26,53,0.1
Chandigarh,2023-03-07,28,55,4.1
Dehradun,2023-03-07,11,67,3.7
Shimla,2023-03-07,11,80,2.5
Srinagar,2023-03-07,31,48,1.0
Jammu,2023-03-07,9,38,3.6
Goa,2023-03-07,26,73,12.8
Mangalore,2023-03-07,28,70,17.0
Mysore,2023-03-07,33,40,14.2
Pondicherry,2023-03-07,36,62,11.1
Madurai,2023-03-07,35,50,13.3
Mumbai,2023-03-08,35,66,3.3
Delhi,2023-03-08,25,45,4.7
Chennai,2023-03-08,31,89,9.4
Kolkata,2023-03-08,33,64,20.1
Bengaluru,2023-03-08,35,40,3.4
Hyderabad,2023-03-08,35,36,4.6
Ahmedabad,2023-03-08,26,60,3.4
Pune,2023-03-08,21,38,4.8
Jaipur,2023-03-08,17,58,0.6
Lucknow,2023-03-08,30,63,1.7
Nagpur,2023-03-08,45,53,0.3
Indore,2023-03-08,22,62,4.9
Bhopal,2023-03-08,20,68,4.2
Surat,2023-03-08,28,75,5.1
Vadodara,2023-03-08,35,65,2.6
Coimbatore,2023-03-08,26,81,14.1
Kochi,2023-03-08,28,73,10.6
Thiruvananthapuram,2023-03-08,36,68,16.0
Visakhapatnam,2023-03-08,39,89,2.8
Vijayawada,2023-03-08,40,76,10.2
Guwahati,2023-03-08,26,59,4.8
Patna,2023-03-08,20,60,2.8
Ranchi,2023-03-08,31,72,2.1
Bhubaneswar,2023-03-08,40,81,10.2
Raipur,2023-03-08,30,68,6.6
Chandigarh,2023-03-08,18,58,0
Dehradun,2023-03-08,16,38,3.4
Shimla,2023-03-08,26,44,4.8
Srinagar,2023-03-08,15,72,2.2
Jammu,2023-03-08,33,83,1.9
Goa,2023-03-08,31,75,14.2
Mangalore,2023-03-08,37,77,9.0
Mysore,2023-03-08,35,75,3.6
Pondicherry,2023-03-08,31,69,1.2
Madurai,2023-03-08,28,81,1.7
Mumbai,2023-03-09,32,81,12.7
Delhi,2023-03-09,28,86,1.7
Chennai,2023-03-09,35,81,6.2
Kolkata,2023-03-09,23,75,4.2
Bengaluru,2023-03-09,23,90,9.9
Hyderabad,2023-03-09,27,58,6.2
Ahmedabad,2023-03-09,31,75,2.7
Pune,2023-03-09,40,80,8.0
Jaipur,2023-03-09,44,24,3.7
Lucknow,2023-03-09,34,35,5.7
Nagpur,2023-03-09,38,64,4.6
Indore,2023-03-09,41,54,4.4
Bhopal,2023-03-09,38,63,1.8
Surat,2023-03-09,40,79,3.5
Vadodara,2023-03-09,28,76,5.8
Coimbatore,2023-03-09,29,45,10.5
Kochi,2023-03-09,35,82,19.1
Thiruvananthapuram,2023-03-09,32,70,3.3
Visakhapatnam,2023-03-09,30,69,8.5
Vijayawada,2023-03-09,41,68,9.9
Guwahati,2023-03-09,34,72,11.7
Patna,2023-03-09,37,87,7.9
Ranchi,2023-03-09,39,44,8.1
Bhubaneswar,2023-03-09,24,56,4.7
Raipur,2023-03-09,27,40,2.0
Chandigarh,2023-03-09,42,58,4.3
Dehradun,2023-03-09,15,73,1.3
Shimla,2023-03-09,29,57,2.5
Srinagar,2023-03-09,8,70,5.9
Jammu,2023-03-09,29,50,3.1
Goa,2023-03-09,26,78,2.7
Mangalore,2023-03-09,22,82,18.2
Mysore,2023-03-09,23,78,3.9
Pondicherry,2023-03-09,28,78,12.8
Madurai,2023-03-09,32,80,7.5
Mumbai,2023-03-10,35,88,10.1
Delhi,2023-03-10,37,89,3.4
Chennai,2023-03-10,37,74,3.4
Kolkata,2023-03-10,25,78,13.8
Bengaluru,2023-03-10,22,78,13.2
Hyderabad,2023-03-10,23,49,8.7
Ahmedabad,2023-03-10,39,27,5.6
Pune,2023-03-10,38,34,1.7
Jaipur,2023-03-10,36,75,0.1
Lucknow,2023-03-10,39,62,4.6
Nagpur,2023-03-10,38,63,1.9
Indore,2023-03-10,32,48,0.6
Bhopal,2023-03-10,23,44,1.9
Surat,2023-03-10,27,73,2.4
Vadodara,2023-03-10,22,43,1.8
Coimbatore,2023-03-10,26,72,9.6
Kochi,2023-03-10,30,88,17.6
Thiruvananthapuram,2023-03-10,28,56,1.5
Visakhapatnam,2023-03-10,31,83,4.9
Vijayawada,2023-03-10,28,70,2.8
Guwahati,2023-03-10,29,71,14.2
Patna,2023-03-10,41,47,3.0
Ranchi,2023-03-10,30,45,5.4
Bhubaneswar,2023-03-10,28,90,1.6
Raipur,2023-03-10,21,61,7.4
Chandigarh,2023-03-10,32,71,5.3
Dehradun,2023-03-10,25,67,5.3
Shimla,2023-03-10,9,39,10.4
Srinagar,2023-03-10,9,52,9.9
Jammu,2023-03-10,25,61,2.3
Goa,2023-03-10,33,71,14.2
Mangalore,2023-03-10,27,81,9.0
Mysore,2023-03-10,31,75,6.1
Pondicherry,2023-03-10,28,77,8.6
Madurai,2023-03-10,27,62,0.8
Mumbai,2023-03-11,31,76,15.6
Delhi,2023-03-11,29,87,3.8
Chennai,2023-03-11,39,85,8.1
Kolkata,2023-03-11,37,57,23.7
Bengaluru,2023-03-11,36,79,11.4
Hyderabad,2023-03-11,33,29,4.4
Ahmedabad,2023-03-11,35,54,1.2
Pune,2023-03-11,29,53,1.7
Jaipur,2023-03-11,26,49,2.6
Lucknow,2023-03-11,35,48,3.6
Nagpur,2023-03-11,45,43,5.6
Indore,2023-03-11,26,30,6.5
Bhopal,2023-03-11,17,33,3.8
Surat,2023-03-11,25,71,3.1
Vadodara,2023-03-11,40,53,1.5
Coimbatore,2023-03-11,34,68,17.0
Kochi,2023-03-11,25,85,15.3
Thiruvananthapuram,2023-03-11,29,71,14.8
Visakhapatnam,2023-03-11,30,68,10.4
Vijayawada,2023-03-11,29,83,8.9
Guwahati,2023-03-11,20,82,14.7
Patna,2023-03-11,20,40,5.1
Ranchi,2023-03-11,40,57,4.8
Bhubaneswar,2023-03-11,25,55,5.4
Raipur,2023-03-11,30,34,1.7
Chandigarh,2023-03-11,27,60,4.0
Dehradun,2023-03-11,26,46,0.3
Shimla,2023-03-11,24,79,4.5
Srinagar,2023-03-11,0,67,13.2
Jammu,2023-03-11,18,70,6.7
Goa,2023-03-11,33,63,6.8
Mangalore,2023-03-11,34,73,11.2
Mysore,2023-03-11,34,77,13.7
Pondicherry,2023-03-11,27,82,11.1
Madurai,2023-03-11,27,68,8.7
Mumbai,2023-03-12,38,77,7.0
Delhi,2023-03-12,41,76,4.3
Chennai,2023-03-12,39,63,4.1
Kolkata,2023-03-12,24,78,20.1
Bengaluru,2023-03-12,34,49,11.4
Hyderabad,2023-03-12,42,90,3.9
Ahmedabad,2023-03-12,28,50,4.1
Pune,2023-03-12,29,35,8.5
Jaipur,2023-03-12,40,60,2.3
Lucknow,2023-03-12,40,46,5.7
Nagpur,2023-03-12,27,65,3.9
Indore,2023-03-12,18,71,4.5
Bhopal,2023-03-12,27,53,2.4
Surat,2023-03-12,38,72,5.5
Vadodara,2023-03-12,21,52,3.9
Coimbatore,2023-03-12,29,46,12.9
Kochi,2023-03-12,27,83,16.4
Thiruvananthapuram,2023-03-12,28,71,3.2
Visakhapatnam,2023-03-12,33,78,7.1
Vijayawada,2023-03-12,35,76,4.4
Guwahati,2023-03-12,30,70,6.9
Patna,2023-03-12,27,39,3.3
Ranchi,2023-03-12,20,65,0.3
Bhubaneswar,2023-03-12,24,69,7.5
Raipur,2023-03-12,30,36,1.5
Chandigarh,2023-03-12,27,69,2.4
Dehradun,2023-03-12,28,38,2.5
Shimla,2023-03-12,21,60,5.2
Srinagar,2023-03-12,8,68,4.9
Jammu,2023-03-12,15,54,6.5
Goa,2023-03-12,28,74,3.0
Mangalore,2023-03-12,22,85,15.1
Mysore,2023-03-12,23,45,14.1
Pondicherry,2023-03-12,33,77,4.2
Madurai,2023-03-12,41,86,12.1
Mumbai,2023-03-13,30,76,2.0
Delhi,2023-03-13,33,69,3.6
Chennai,2023-03-13,32,69,4.7
Kolkata,2023-03-13,39,86,23.1
Bengaluru,2023-03-13,23,87,12.3
Hyderabad,2023-03-13,45,85,2.0
Ahmedabad,2023-03-13,26,52,5.9
Pune,2023-03-13,29,53,3.7
Jaipur,2023-03-13,22,34,5.8
Lucknow,2023-03-13,43,81,4.2
Nagpur,2023-03-13,42,71,1.6
Indore,2023-03-13,16,51,4.0
Bhopal,2023-03-13,33,84,3.4
Surat,2023-03-13,40,80,0.2
Vadodara,2023-03-13,31,42,1.8
Coimbatore,2023-03-13,25,46,3.7
Kochi,2023-03-13,32,66,15.9
Thiruvananthapuram,2023-03-13,31,63,13.0
Visakhapatnam,2023-03-13,38,63,9.2
Vijayawada,2023-03-13,34,88,4.8
Guwahati,2023-03-13,31,85,9.6
Patna,2023-03-13,18,46,8.8
Ranchi,2023-03-13,28,78,5.5
Bhubaneswar,2023-03-13,37,82,4.1
Raipur,2023-03-13,42,65,4.3
Chandigarh,2023-03-13,13,56,3.1
Dehradun,2023-03-13,35,55,6.4
Shimla,2023-03-13,3,36,1.9
Srinagar,2023-03-13,21,44,7.8
Jammu,2023-03-13,35,47,0.9
Goa,2023-03-13,33,65,3.7
Mangalore,2023-03-13,27,78,5.7
Mysore,2023-03-13,29,75,1.9
Pondicherry,2023-03-13,29,69,5.0
Madurai,2023-03-13,33,70,7.0
Mumbai,2023-03-14,30,77,13.2
Delhi,2023-03-14,28,66,0.9
Chennai,2023-03-14,32,70,3.6
Kolkata,2023-03-14,21,67,16.3
Bengaluru,2023-03-14,27,93,14.2
Hyderabad,2023-03-14,36,52,6.4
Ahmedabad,2023-03-14,31,29,2.6
Pune,2023-03-14,39,30,4.2
Jaipur,2023-03-14,24,34,2.3
Lucknow,2023-03-14,22,85,5.2
Nagpur,2023-03-14,23,48,0.2
Indore,2023-03-14,34,42,2.9
Bhopal,2023-03-14,35,70,4.5
Surat,2023-03-14,28,84,1.7
Vadodara,2023-03-14,32,88,2.7
Coimbatore,2023-03-14,33,70,7.7
Kochi,2023-03-14,28,77,13.5
Thiruvananthapuram,2023-03-14,34,79,5.0
Visakhapatnam,2023-03-14,31,66,8.2
Vijayawada,2023-03-14,38,74,4.1
Guwahati,2023-03-14,22,81,7.3
Patna,2023-03-14,41,39,4.2
Ranchi,2023-03-14,19,82,5.4
Bhubaneswar,2023-03-14,34,80,7.9
Raipur,2023-03-14,40,45,5.7
Chandigarh,2023-03-14,28,74,5.8
Dehradun,2023-03-14,32,75,5.7
Shimla,2023-03-14,21,78,8.2
Srinagar,2023-03-14,20,47,1.3
Jammu,2023-03-14,23,70,1.8
Goa,2023-03-14,28,72,15.6
Mangalore,2023-03-14,32,74,9.2
Mysore,2023-03-14,29,56,3.3
Pondicherry,2023-03-14,27,66,12.1
Madurai,2023-03-14,27,57,13.7
Mumbai,2023-03-15,37,68,9.8
Delhi,2023-03-15,41,81,0.5
Chennai,2023-03-15,35,68,7.6
Kolkata,2023-03-15,39,58,17.6
Bengaluru,2023-03-15,30,47,9.8
Hyderabad,2023-03-15,34,81,4.7
Ahmedabad,2023-03-15,37,59,4.1
Pune,2023-03-15,23,82,1.6
Jaipur,2023-03-15,25,38,6.2
Lucknow,2023-03-15,29,45,0.8
Nagpur,2023-03-15,40,28,4.4
Indore,2023-03-15,36,69,3.5
Bhopal,2023-03-15,27,75,2.8
Surat,2023-03-15,21,92,3.9
Vadodara,2023-03-15,29,79,1.8
Coimbatore,2023-03-15,21,48,3.3
Kochi,2023-03-15,30,76,12.5
Thiruvananthapuram,2023-03-15,34,68,2.5
Visakhapatnam,2023-03-15,40,67,7.9
Vijayawada,2023-03-15,32,59,4.9
Guwahati,2023-03-15,19,81,15.8
Patna,2023-03-15,26,77,1.0
Ranchi,2023-03-15,18,55,10.5
Bhubaneswar,2023-03-15,29,67,1.2
Raipur,2023-03-15,33,84,6.1
Chandigarh,2023-03-15,18,61,4.3
Dehradun,2023-03-15,10,67,3.8
Shimla,2023-03-15,5,53,9.4
Srinagar,2023-03-15,4,60,11.0
Jammu,2023-03-15,5,42,3.0
Goa,2023-03-15,35,80,7.6
Mangalore,2023-03-15,30,65,3.1
Mysore,2023-03-15,23,44,10.7
Pondicherry,2023-03-15,28,63,16.0
Madurai,2023-03-15,33,66,4.6
Mumbai,2023-03-16,28,63,3.4
Delhi,2023-03-16,30,54,2.7
Chennai,2023-03-16,35,83,13.3
Kolkata,2023-03-16,28,79,2.3
Bengaluru,2023-03-16,37,53,14.4
Hyderabad,2023-03-16,31,78,7.4
Ahmedabad,2023-03-16,40,33,4.3
Pune,2023-03-16,21,80,0.7
Jaipur,2023-03-16,41,21,2.1
Lucknow,2023-03-16,43,63,1.8
Nagpur,2023-03-16,34,46,2.5
Indore,2023-03-16,32,54,3.9
Bhopal,2023-03-16,37,59,5.5
Surat,2023-03-16,39,79,1.5
Vadodara,2023-03-16,38,83,5.3
Coimbatore,2023-03-16,32,79,9.5
Kochi,2023-03-16,35,67,7.7
Thiruvananthapuram,2023-03-16,30,75,18.4
Visakhapatnam,2023-03-16,40,65,4.2
Vijayawada,2023-03-16,43,85,6.1
Guwahati,2023-03-16,22,63,6.7
Patna,2023-03-16,17,67,6.4
Ranchi,2023-03-16,17,39,4.6
Bhubaneswar,2023-03-16,20,79,9.6
Raipur,2023-03-16,42,48,4.7
Chandigarh,2023-03-16,41,35,4.9
Dehradun,2023-03-16,34,84,6.4
Shimla,2023-03-16,25,63,2.2
Srinagar,2023-03-16,21,60,3.4
Jammu,2023-03-16,31,44,6.4
Goa,2023-03-16,36,75,0.1
Mangalore,2023-03-16,30,84,15.4
Mysore,2023-03-16,35,78,8.5
Pondicherry,2023-03-16,33,66,2.6
Madurai,2023-03-16,30,55,11.2
Mumbai,2023-03-17,34,84,7.4
Delhi,2023-03-17,20,63,3.3
Chennai,2023-03-17,30,77,17.2
Kolkata,2023-03-17,24,79,24.5
Bengaluru,2023-03-17,33,70,11.3
Hyderabad,2023-03-17,30,40,1.4
Ahmedabad,2023-03-17,26,92,1.0
Pune,2023-03-17,32,91,4.9
Jaipur,2023-03-17,19,26,3.7
Lucknow,2023-03-17,40,69,2.9
Nagpur,2023-03-17,45,84,4.2
Indore,2023-03-17,34,59,2.1
Bhopal,2023-03-17,25,29,6.5
Surat,2023-03-17,42,56,4.5
Vadodara,2023-03-17,23,55,5.1
Coimbatore,2023-03-17,36,75,14.4
Kochi,2023-03-17,30,79,0.8
Thiruvananthapuram,2023-03-17,26,58,6.4
Visakhapatnam,2023-03-17,35,82,9.2
Vijayawada,2023-03-17,39,65,2.5
Guwahati,2023-03-17,27,70,0.2
Patna,2023-03-17,24,49,8.4
Ranchi,2023-03-17,37,80,2.6
Bhubaneswar,2023-03-17,38,83,11.2
Raipur,2023-03-17,45,81,4.9
Chandigarh,2023-03-17,34,52,1.7
Dehradun,2023-03-17,7,48,3.7
Shimla,2023-03-17,9,71,6.1
Srinagar,2023-03-17,28,52,13.5
Jammu,2023-03-17,11,76,5.3
Goa,2023-03-17,36,90,11.7
Mangalore,2023-03-17,24,66,5.9
Mysore,2023-03-17,24,70,12.4
Pondicherry,2023-03-17,31,59,9.9
Madurai,2023-03-17,41,68,6.6
Mumbai,2023-03-18,37,90,3.7
Delhi,2023-03-18,38,43,2.2
Chennai,2023-03-18,30,75,20.7
Kolkata,2023-03-18,25,68,17.3
Bengaluru,2023-03-18,25,74,1.7
Hyderabad,2023-03-18,39,44,0.4
Ahmedabad,2023-03-18,37,55,2.9
Pune,2023-03-18,22,71,5.0
Jaipur,2023-03-18,19,21,0.9
Lucknow,2023-03-18,31,34,4.9
Nagpur,2023-03-18,40,68,4.6
Indore,2023-03-18,26,84,2.3
Bhopal,2023-03-18,35,90,5.5
Surat,2023-03-18,37,45,4.9
Vadodara,2023-03-18,41,48,5.0
Coimbatore,2023-03-18,24,77,2.6
Kochi,2023-03-18,27,55,18.0
Thiruvananthapuram,2023-03-18,29,68,8.8
Visakhapatnam,2023-03-18,41,69,4.8
Vijayawada,2023-03-18,32,73,1.6
Guwahati,2023-03-18,28,60,11.5
Patna,2023-03-18,38,84,2.2
Ranchi,2023-03-18,24,47,8.9
Bhubaneswar,2023-03-18,38,60,9.6
Raipur,2023-03-18,33,34,4.9
Chandigarh,2023-03-18,12,45,4.3
Dehradun,2023-03-18,20,73,4.7
Shimla,2023-03-18,18,76,2.4
Srinagar,2023-03-18,14,71,5.0
Jammu,2023-03-18,31,57,7.0
Goa,2023-03-18,33,71,16.7
Mangalore,2023-03-18,29,79,5.9
Mysore,2023-03-18,33,76,12.6
Pondicherry,2023-03-18,26,74,8.8
Madurai,2023-03-18,31,60,4.6
Mumbai,2023-03-19,33,71,14.8
Delhi,2023-03-19,28,69,4.2
Chennai,2023-03-19,34,78,6.7
Kolkata,2023-03-19,37,72,18.3
Bengaluru,2023-03-19,35,80,7.2
Hyderabad,2023-03-19,37,45,7.0
Ahmedabad,2023-03-19,24,69,2.7
Pune,2023-03-19,40,75,8.9
Jaipur,2023-03-19,30,70,5.1
Lucknow,2023-03-19,22,71,1.2
Nagpur,2023-03-19,44,76,3.9
Indore,2023-03-19,40,62,3.6
Bhopal,2023-03-19,22,70,1.7
Surat,2023-03-19,36,73,3.5
Vadodara,2023-03-19,39,69,3.1
Coimbatore,2023-03-19,27,72,15.7
Kochi,2023-03-19,33,59,14.1
Thiruvananthapuram,2023-03-19,34,67,4.4
Visakhapatnam,2023-03-19,40,63,8.1
Vijayawada,2023-03-19,28,49,5.4
Guwahati,2023-03-19,22,83,13.7
Patna,2023-03-19,36,45,1.6
Ranchi,2023-03-19,17,44,6.5
Bhubaneswar,2023-03-19,35,52,11.7
Raipur,2023-03-19,26,91,4.5
Chandigarh,2023-03-19,32,84,1.7
Dehradun,2023-03-19,21,61,2.2
Shimla,2023-03-19,30,50,4.3
Srinagar,2023-03-19,9,87,7.3
Jammu,2023-03-19,21,40,3.8
Goa,2023-03-19,34,69,7.8
Mangalore,2023-03-19,26,76,5.0
Mysore,2023-03-19,21,75,12.5
Pondicherry,2023-03-19,29,83,4.2
Madurai,2023-03-19,28,83,12.8
Mumbai,2023-03-20,29,67,0.9
Delhi,2023-03-20,37,54,2.7
Chennai,2023-03-20,30,64,9.0
Kolkata,2023-03-20,30,85,18.2
Bengaluru,2023-03-20,21,68,9.9
Hyderabad,2023-03-20,36,41,9.0
Ahmedabad,2023-03-20,28,35,1.6
Pune,2023-03-20,31,86,3.3
Jaipur,2023-03-20,39,40,2.6
Lucknow,2023-03-20,45,81,5.3
Nagpur,2023-03-20,37,62,2.1
Indore,2023-03-20,30,78,5.6
Bhopal,2023-03-20,25,53,5.9
Surat,2023-03-20,23,72,6.2
Vadodara,2023-03-20,41,56,0.6
Coimbatore,2023-03-20,21,60,8.0
Kochi,2023-03-20,31,86,19.7
Thiruvananthapuram,2023-03-20,30,62,16.7
Visakhapatnam,2023-03-20,36,83,0
Vijayawada,2023-03-20,36,41,5.1
Guwahati,2023-03-20,26,69,3.7
Patna,2023-03-20,31,75,2.2
Ranchi,2023-03-20,20,59,8.2
Bhubaneswar,2023-03-20,41,73,7.3
Raipur,2023-03-20,22,67,4.2
Chandigarh,2023-03-20,23,67,6.5
Dehradun,2023-03-20,31,43,3.0
Shimla,2023-03-20,29,71,2.2
Srinagar,2023-03-20,16,54,9.4
Jammu,2023-03-20,36,50,6.3
Goa,2023-03-20,26,76,7.9
Mangalore,2023-03-20,30,80,1.5
Mysore,2023-03-20,35,70,4.4
Pondicherry,2023-03-20,27,62,15.3
Madurai,2023-03-20,32,79,5.6
Mumbai,2023-03-21,34,85,7.8
Delhi,2023-03-21,25,64,3.8
Chennai,2023-03-21,38,58,7.1
Kolkata,2023-03-21,30,67,4.0
Bengaluru,2023-03-21,23,46,6.1
Hyderabad,2023-03-21,34,43,1.2
Ahmedabad,2023-03-21,40,73,3.9
Pune,2023-03-21,27,57,4.6
Jaipur,2023-03-21,40,52,3.1
Lucknow,2023-03-21,37,48,3.6
Nagpur,2023-03-21,37,49,5.3
Indore,2023-03-21,32,36,3.1
Bhopal,2023-03-21,17,70,1.1
Surat,2023-03-21,22,43,3.0
Vadodara,2023-03-21,27,48,3.6
Coimbatore,2023-03-21,27,57,14.4
Kochi,2023-03-21,34,81,18.8
Thiruvananthapuram,2023-03-21,32,78,15.2
Visakhapatnam,2023-03-21,36,87,5.6
Vijayawada,2023-03-21,33,68,6.2
Guwahati,2023-03-21,31,88,2.1
Patna,2023-03-21,36,46,6.5
Ranchi,2023-03-21,36,44,7.4
Bhubaneswar,2023-03-21,33,46,10.9
Raipur,2023-03-21,25,82,0.9
Chandigarh,2023-03-21,23,39,2.6
Dehradun,2023-03-21,13,83,2.7
Shimla,2023-03-21,22,44,1.9
Srinagar,2023-03-21,19,40,8.9
Jammu,2023-03-21,22,47,5.7
Goa,2023-03-21,30,78,13.1
Mangalore,2023-03-21,30,72,15.7
Mysore,2023-03-21,22,60,11.1
Pondicherry,2023-03-21,33,75,5.0
Madurai,2023-03-21,31,68,9.7
Mumbai,2023-03-22,34,61,7.8
Delhi,2023-03-22,45,68,3.5
Chennai,2023-03-22,33,85,9.9
Kolkata,2023-03-22,32,67,21.7
Bengaluru,2023-03-22,23,71,9.9
Hyderabad,2023-03-22,22,38,6.2
Ahmedabad,2023-03-22,36,42,5.3
Pune,2023-03-22,30,58,9.5
Jaipur,2023-03-22,23,36,1.3
Lucknow,2023-03-22,44,50,6.1
Nagpur,2023-03-22,41,88,1.4
Indore,2023-03-22,34,81,5.1
Bhopal,2023-03-22,33,59,1.7
Surat,2023-03-22,24,55,2.7
Vadodara,2023-03-22,34,70,5.3
Coimbatore,2023-03-22,33,62,7.6
Kochi,2023-03-22,30,75,13.3
Thiruvananthapuram,2023-03-22,33,71,19.7
Visakhapatnam,2023-03-22,33,83,2.4
Vijayawada,2023-03-22,42,58,6.6
Guwahati,2023-03-22,33,85,12.9
Patna,2023-03-22,22,43,4.5
Ranchi,2023-03-22,26,66,6.3
Bhubaneswar,2023-03-22,39,81,8.2
Raipur,2023-03-22,30,81,7.3
Chandigarh,2023-03-22,21,71,1.6
Dehradun,2023-03-22,24,56,3.0
Shimla,2023-03-22,12,91,7.8
Srinagar,2023-03-22,18,76,9.0
Jammu,2023-03-22,35,70,6.4
Goa,2023-03-22,25,78,9.6
Mangalore,2023-03-22,34,63,18.5
Mysore,2023-03-22,23,78,7.8
Pondicherry,2023-03-22,31,75,16.2
Madurai,2023-03-22,37,65,5.1
Mumbai,2023-03-23,33,90,1.9
Delhi,2023-03-23,43,72,3.0
Chennai,2023-03-23,30,59,13.5
Kolkata,2023-03-23,28,89,18.9
Bengaluru,2023-03-23,29,65,12.8
Hyderabad,2023-03-23,36,54,6.5
Ahmedabad,2023-03-23,30,73,5.5
Pune,2023-03-23,41,36,5.5
Jaipur,2023-03-23,28,38,4.7
Lucknow,2023-03-23,27,85,2.0
Nagpur,2023-03-23,26,49,3.1
Indore,2023-03-23,22,84,5.1
Bhopal,2023-03-23,24,81,3.6
Surat,2023-03-23,30,70,3.9
Vadodara,2023-03-23,38,52,2.0
Coimbatore,2023-03-23,25,71,1.8
Kochi,2023-03-23,30,67,14.1
Thiruvananthapuram,2023-03-23,26,88,0.5
Visakhapatnam,2023-03-23,31,84,1.4
Vijayawada,2023-03-23,40,86,1.2
Guwahati,2023-03-23,29,67,5.5
Patna,2023-03-23,22,89,3.6
Ranchi,2023-03-23,35,53,1.1
Bhubaneswar,2023-03-23,23,73,2.0
Raipur,2023-03-23,37,83,0.6
Chandigarh,2023-03-23,40,74,5.7
Dehradun,2023-03-23,22,67,1.9
Shimla,2023-03-23,25,68,5.4
Srinagar,2023-03-23,17,43,10.1
Jammu,2023-03-23,33,69,0
Goa,2023-03-23,30,89,13.5
Mangalore,2023-03-23,32,73,13.9
Mysore,2023-03-23,23,59,10.0
Pondicherry,2023-03-23,30,69,15.5
Madurai,2023-03-23,35,76,13.5
Mumbai,2023-03-24,29,65,10.5
Delhi,2023-03-24,35,48,2.3
Chennai,2023-03-24,39,68,2.1
Kolkata,2023-03-24,26,73,6.6
Bengaluru,2023-03-24,33,45,16.0
Hyderabad,2023-03-24,43,78,7.2
Ahmedabad,2023-03-24,45,29,0.2
Pune,2023-03-24,35,72,0
Jaipur,2023-03-24,21,63,6.7
Lucknow,2023-03-24,43,61,5.5
Nagpur,2023-03-24,20,60,4.9
Indore,2023-03-24,29,72,3.7
Bhopal,2023-03-24,42,70,4.0
Surat,2023-03-24,25,53,1.7
Vadodara,2023-03-24,37,89,2.6
Coimbatore,2023-03-24,26,42,12.7
Kochi,2023-03-24,35,78,11.0
Thiruvananthapuram,2023-03-24,34,70,5.5
Visakhapatnam,2023-03-24,39,91,9.5
Vijayawada,2023-03-24,29,81,3.0
Guwahati,2023-03-24,24,75,5.4
Patna,2023-03-24,17,76,3.4
Ranchi,2023-03-24,26,58,8.0
Bhubaneswar,2023-03-24,24,69,7.1
Raipur,2023-03-24,27,91,4.4
Chandigarh,2023-03-24,37,39,2.6
Dehradun,2023-03-24,35,74,2.3
Shimla,2023-03-24,5,39,8.1
Srinagar,2023-03-24,7,73,11.1
Jammu,2023-03-24,21,40,1.3
Goa,2023-03-24,29,89,8.1
Mangalore,2023-03-24,28,90,2.1
Mysore,2023-03-24,32,60,4.1
Pondicherry,2023-03-24,30,80,0.7
Madurai,2023-03-24,35,83,5.8
Mumbai,2023-03-25,29,76,13.5
Delhi,2023-03-25,35,92,2.2
Chennai,2023-03-25,38,88,17.8
Kolkata,2023-03-25,33,60,10.6
Bengaluru,2023-03-25,35,43,12.6
Hyderabad,2023-03-25,39,49,2.1
Ahmedabad,2023-03-25,25,50,5.0
Pune,2023-03-25,23,56,3.9
Jaipur,2023-03-25,37,53,1.9
Lucknow,2023-03-25,41,54,2.7
Nagpur,2023-03-25,44,44,2.8
Indore,2023-03-25,25,35,5.7
Bhopal,2023-03-25,15,49,3.2
Surat,2023-03-25,29,70,0.9
Vadodara,2023-03-25,25,64,4.0
Coimbatore,2023-03-25,30,49,6.3
Kochi,2023-03-25,32,79,6.1
Thiruvananthapuram,2023-03-25,31,76,8.1
Visakhapatnam,2023-03-25,39,91,4.6
Vijayawada,2023-03-25,37,73,4.8
Guwahati,2023-03-25,23,67,5.7
Patna,2023-03-25,26,55,4.6
Ranchi,2023-03-25,34,80,6.5
Bhubaneswar,2023-03-25,41,84,2.6
Raipur,2023-03-25,31,61,3.5
Chandigarh,2023-03-25,21,85,5.5
Dehradun,2023-03-25,18,50,2.6
Shimla,2023-03-25,19,61,6.0
Srinagar,2023-03-25,21,50,8.9
Jammu,2023-03-25,8,65,5.4
Goa,2023-03-25,34,72,14.9
Mangalore,2023-03-25,26,79,3.0
Mysore,2023-03-25,26,44,3.3
Pondicherry,2023-03-25,28,62,2.2
Madurai,2023-03-25,30,61,16.2
Mumbai,2023-03-26,37,64,8.0
Delhi,2023-03-26,41,50,6.4
Chennai,2023-03-26,29,88,12.4
Kolkata,2023-03-26,33,85,14.0
Bengaluru,2023-03-26,24,47,12.3
Hyderabad,2023-03-26,32,85,9.0
Ahmedabad,2023-03-26,28,63,2.0
Pune,2023-03-26,31,45,3.8
Jaipur,2023-03-26,43,72,4.2
Lucknow,2023-03-26,29,59,2.0
Nagpur,2023-03-26,29,87,5.7
Indore,2023-03-26,26,80,4.2
Bhopal,2023-03-26,21,57,4.4
Surat,2023-03-26,37,91,2.9
Vadodara,2023-03-26,29,59,0
Coimbatore,2023-03-26,21,81,10.1
Kochi,2023-03-26,31,85,6.7
Thiruvananthapuram,2023-03-26,31,67,2.1
Visakhapatnam,2023-03-26,35,62,9.7
Vijayawada,2023-03-26,40,62,2.7
Guwahati,2023-03-26,20,75,4.7
Patna,2023-03-26,25,42,6.8
Ranchi,2023-03-26,25,38,3.1
Bhubaneswar,2023-03-26,35,53,10.8
Raipur,2023-03-26,36,60,3.3
Chandigarh,2023-03-26,15,70,1.5
Dehradun,2023-03-26,19,83,2.9
Shimla,2023-03-26,6,70,9.7
Srinagar,2023-03-26,29,76,4.3
Jammu,2023-03-26,21,69,3.2
Goa,2023-03-26,30,85,5.7
Mangalore,2023-03-26,29,86,10.3
Mysore,2023-03-26,21,67,11.8
Pondicherry,2023-03-26,29,83,15.2
Madurai,2023-03-26,26,58,7.1
Mumbai,2023-03-27,26,66,15.8
Delhi,2023-03-27,24,38,2.8
Chennai,2023-03-27,32,72,7.7
Kolkata,2023-03-27,28,80,18.1
Bengaluru,2023-03-27,26,82,13.1
Hyderabad,2023-03-27,41,37,7.3
Ahmedabad,2023-03-27,37,82,1.6
Pune,2023-03-27,24,61,2.3
Jaipur,2023-03-27,17,71,4.1
Lucknow,2023-03-27,18,79,1.3
Nagpur,2023-03-27,26,46,0.1
Indore,2023-03-27,30,64,5.8
Bhopal,2023-03-27,36,82,3.5
Surat,2023-03-27,37,50,4.3
Vadodara,2023-03-27,25,55,4.8
Coimbatore,2023-03-27,29,72,13.9
Kochi,2023-03-27,36,61,12.3
Thiruvananthapuram,2023-03-27,27,65,14.7
Visakhapatnam,2023-03-27,32,65,4.5
Vijayawada,2023-03-27,41,65,9.4
Guwahati,2023-03-27,20,75,5.1
Patna,2023-03-27,23,56,6.2
Ranchi,2023-03-27,24,83,0.3
Bhubaneswar,2023-03-27,40,57,12.1
Raipur,2023-03-27,30,58,4.9
Chandigarh,2023-03-27,25,68,4.0
Dehradun,2023-03-27,16,85,4.1
Shimla,2023-03-27,8,62,6.0
Srinagar,2023-03-27,9,60,10.4
Jammu,2023-03-27,34,86,6.8
Goa,2023-03-27,29,81,11.0
Mangalore,2023-03-27,37,77,4.0
Mysore,2023-03-27,30,64,13.4
Pondicherry,2023-03-27,31,64,6.8
Madurai,2023-03-27,29,83,6.9
Mumbai,2023-03-28,38,75,1.1
Delhi,2023-03-28,32,68,5.6
Chennai,2023-03-28,32,66,16.5
Kolkata,2023-03-28,29,73,16.9
Bengaluru,2023-03-28,25,69,8.9
Hyderabad,2023-03-28,22,64,5.5
Ahmedabad,2023-03-28,36,68,6.0
Pune,2023-03-28,34,87,5.3
Jaipur,2023-03-28,43,22,4.0
Lucknow,2023-03-28,25,66,3.2
Nagpur,2023-03-28,28,69,2.1
Indore,2023-03-28,39,50,6.1
Bhopal,2023-03-28,35,73,3.8
Surat,2023-03-28,26,38,5.6
Vadodara,2023-03-28,26,44,4.4
Coimbatore,2023-03-28,23,60,6.9
Kochi,2023-03-28,35,83,8.1
Thiruvananthapuram,2023-03-28,33,90,11.1
Visakhapatnam,2023-03-28,34,62,2.5
Vijayawada,2023-03-28,44,45,5.1
Guwahati,2023-03-28,19,66,2.4
Patna,2023-03-28,23,71,6.1
Ranchi,2023-03-28,40,65,4.3
Bhubaneswar,2023-03-28,39,83,4.1
Raipur,2023-03-28,24,76,6.6
Chandigarh,2023-03-28,25,27,5.8
Dehradun,2023-03-28,23,55,1.1
Shimla,2023-03-28,26,46,5.3
Srinagar,2023-03-28,24,70,3.7
Jammu,2023-03-28,7,42,2.4
Goa,2023-03-28,28,83,1.8
Mangalore,2023-03-28,32,84,8.9
Mysore,2023-03-28,29,58,2.8
Pondicherry,2023-03-28,33,70,12.7
Madurai,2023-03-28,33,78,1.4
Mumbai,2023-03-29,29,64,5.0
Delhi,2023-03-29,27,57,5.6
Chennai,2023-03-29,41,63,0.6
Kolkata,2023-03-29,33,67,2.1
Bengaluru,2023-03-29,24,69,5.5
Hyderabad,2023-03-29,29,86,1.4
Ahmedabad,2023-03-29,29,81,3.4
Pune,2023-03-29,29,52,8.0
Jaipur,2023-03-29,45,56,1.9
Lucknow,2023-03-29,27,55,5.1
Nagpur,2023-03-29,37,33,0.3
Indore,2023-03-29,25,42,4.0
Bhopal,2023-03-29,24,35,1.3
Surat,2023-03-29,27,43,4.0
Vadodara,2023-03-29,27,41,4.7
Coimbatore,2023-03-29,32,77,1.6
Kochi,2023-03-29,28,60,18.1
Thiruvananthapuram,2023-03-29,29,80,8.9
Visakhapatnam,2023-03-29,37,57,3.1
Vijayawada,2023-03-29,27,77,2.3
Guwahati,2023-03-29,25,71,7.9
Patna,2023-03-29,19,91,5.0
Ranchi,2023-03-29,28,72,5.7
Bhubaneswar,2023-03-29,20,57,1.8
Raipur,2023-03-29,33,80,6.6
